volume,velocity,timing_delta,target,target_encoded
2.3986856612044933,4,842.7409765860917,EUKRBWJBKMYRCRQOHFGEUMXGK2JDXESZ5A2W5SJVJVTF7BW5CWBSUG422Q,0
2.1446942795315262,7,697.146457688494,traffic_api_2,1
2.459075415240277,7,651.1100907495277,EUKRBWJBKMYRCRQOHFGEUMXGK2JDXESZ5A2W5SJVJVTF7BW5CWBSUG422Q,0
2.8092119425632105,2,686.2649418134297,EUKRBWJBKMYRCRQOHFGEUMXGK2JDXESZ5A2W5SJVJVTF7BW5CWBSUG422Q,0
2.106338650110666,5,789.5216111708131,EUKRBWJBKMYRCRQOHFGEUMXGK2JDXESZ5A2W5SJVJVTF7BW5CWBSUG422Q,0
2.106345217220328,6,889.4432254251899,weather_api_1,2
2.8316851262029568,5,644.6227512996986,weather_api_1,2
2.506973891661164,2,731.872054443466,weather_api_1,2
2.012210245626019,7,760.6028930323151,EUKRBWJBKMYRCRQOHFGEUMXGK2JDXESZ5A2W5SJVJVTF7BW5CWBSUG422Q,0
2.417024017434386,9,600.8906391925412,weather_api_1,2
2.0146329228750153,6,722.4500600655501,weather_api_1,2
2.0137080985718976,5,544.1191371189486,weather_api_1,2
2.296784908626414,6,507.7139635512722,EUKRBWJBKMYRCRQOHFGEUMXGK2JDXESZ5A2W5SJVJVTF7BW5CWBSUG422Q,0
1.5,5,764.0095689470709,EUKRBWJBKMYRCRQOHFGEUMXGK2JDXESZ5A2W5SJVJVTF7BW5CWBSUG422Q,0
1.510032866994787,5,673.9350310403061,EUKRBWJBKMYRCRQOHFGEUMXGK2JDXESZ5A2W5SJVJVTF7BW5CWBSUG422Q,0
1.975084988303611,5,744.2736489145462,weather_api_1,2
1.7948675518662307,4,717.852602758998,traffic_api_2,1
2.32569893303811,8,602.8319941603443,weather_api_1,2
1.8367903697915158,4,714.5694837642797,weather_api_1,2
1.6350785194658837,5,572.0278433982173,EUKRBWJBKMYRCRQOHFGEUMXGK2JDXESZ5A2W5SJVJVTF7BW5CWBSUG422Q,0
2.786259507568622,3,886.9166829601681,EUKRBWJBKMYRCRQOHFGEUMXGK2JDXESZ5A2W5SJVJVTF7BW5CWBSUG422Q,0
2.109689479805386,7,557.2835586168044,weather_api_1,2
2.2270112818751695,2,696.5057674837702,weather_api_1,2
1.6301007255146174,5,594.9274094343302,traffic_api_2,1
1.9822469101899272,10,788.4505408032954,traffic_api_2,1
2.2443690358839468,7,680.2282354462196,EUKRBWJBKMYRCRQOHFGEUMXGK2JDXESZ5A2W5SJVJVTF7BW5CWBSUG422Q,0
1.739602569031079,7,657.7599936454548,traffic_api_2,1
2.350279207338269,10,822.3841854061866,traffic_api_2,1
1.9597445240324782,1,723.5316710013062,EUKRBWJBKMYRCRQOHFGEUMXGK2JDXESZ5A2W5SJVJVTF7BW5CWBSUG422Q,0
2.0833225000826894,5,781.9973335123161,traffic_api_2,1
1.9593173551082415,3,602.2408876179043,weather_api_1,2
2.940911273803575,8,551.4219667286992,traffic_api_2,1
2.1946011101048266,7,732.864955444816,EUKRBWJBKMYRCRQOHFGEUMXGK2JDXESZ5A2W5SJVJVTF7BW5CWBSUG422Q,0
1.77691562841764,3,681.7384373406322,weather_api_1,2
2.529017964841276,1,795.1721606944733,traffic_api_2,1
1.7116625400115912,5,710.410985680494,weather_api_1,2
2.2835454380019025,3,744.6090407081556,weather_api_1,2
1.5,6,525.1940964070508,traffic_api_2,1
1.6687255804406278,3,946.6124327537108,traffic_api_2,1
2.2787444943476496,4,700.2909617961561,EUKRBWJBKMYRCRQOHFGEUMXGK2JDXESZ5A2W5SJVJVTF7BW5CWBSUG422Q,0
2.4953866319981644,5,803.7104364407039,EUKRBWJBKMYRCRQOHFGEUMXGK2JDXESZ5A2W5SJVJVTF7BW5CWBSUG422Q,0
2.2685473124759885,8,619.6689995736448,weather_api_1,2
2.153740687044704,7,756.9611882660809,EUKRBWJBKMYRCRQOHFGEUMXGK2JDXESZ5A2W5SJVJVTF7BW5CWBSUG422Q,0
2.0795585217642847,5,563.6586283770306,weather_api_1,2
1.6085912038530292,4,774.2481405911606,weather_api_1,2
1.9120623166421167,6,677.2831098737,EUKRBWJBKMYRCRQOHFGEUMXGK2JDXESZ5A2W5SJVJVTF7BW5CWBSUG422Q,0
2.0157444916160854,8,723.5028604722681,EUKRBWJBKMYRCRQOHFGEUMXGK2JDXESZ5A2W5SJVJVTF7BW5CWBSUG422Q,0
2.6228488904875666,4,803.7568836156117,EUKRBWJBKMYRCRQOHFGEUMXGK2JDXESZ5A2W5SJVJVTF7BW5CWBSUG422Q,0
2.3374473158273847,3,572.0951626535664,traffic_api_2,1
1.5,2,637.8609923264644,weather_api_1,2
2.329633587757918,3,774.8789137304119,weather_api_1,2
2.0459670878334735,9,971.7865769456096,weather_api_1,2
1.9292311998776166,5,703.4301198406222,EUKRBWJBKMYRCRQOHFGEUMXGK2JDXESZ5A2W5SJVJVTF7BW5CWBSUG422Q,0
2.4446705155363473,4,790.9363341508719,EUKRBWJBKMYRCRQOHFGEUMXGK2JDXESZ5A2W5SJVJVTF7BW5CWBSUG422Q,0
2.6123998089983806,7,707.1634236169824,EUKRBWJBKMYRCRQOHFGEUMXGK2JDXESZ5A2W5SJVJVTF7BW5CWBSUG422Q,0
2.57251204764648,8,953.069471370756,EUKRBWJBKMYRCRQOHFGEUMXGK2JDXESZ5A2W5SJVJVTF7BW5CWBSUG422Q,0
1.8643129907109448,4,510.3333999641693,EUKRBWJBKMYRCRQOHFGEUMXGK2JDXESZ5A2W5SJVJVTF7BW5CWBSUG422Q,0
2.0763150496595144,4,731.354525360323,traffic_api_2,1
2.3325053725614255,8,524.9347159725527,EUKRBWJBKMYRCRQOHFGEUMXGK2JDXESZ5A2W5SJVJVTF7BW5CWBSUG422Q,0
2.590218050848944,5,419.211411535594,weather_api_1,2
2.008330304861884,5,755.695446374138,EUKRBWJBKMYRCRQOHFGEUMXGK2JDXESZ5A2W5SJVJVTF7BW5CWBSUG422Q,0
2.1257364093344733,6,736.7397355376951,weather_api_1,2
1.757466010397589,7,685.8195674709358,EUKRBWJBKMYRCRQOHFGEUMXGK2JDXESZ5A2W5SJVJVTF7BW5CWBSUG422Q,0
1.721517350367732,2,707.2567091952296,EUKRBWJBKMYRCRQOHFGEUMXGK2JDXESZ5A2W5SJVJVTF7BW5CWBSUG422Q,0
2.5250103289576793,1,1091.795932088551,weather_api_1,2
2.7424960114283294,7,689.0189834362279,weather_api_1,2
2.1711959513678667,5,781.214923350009,weather_api_1,2
2.60141315915681,4,642.0762216463343,weather_api_1,2
2.3446544100190536,4,755.4279090048724,traffic_api_2,1
1.9419520981579503,3,691.4119589933259,weather_api_1,2
2.344558242203366,8,670.7377820724324,EUKRBWJBKMYRCRQOHFGEUMXGK2JDXESZ5A2W5SJVJVTF7BW5CWBSUG422Q,0
2.8152146265863878,7,938.267823864039,EUKRBWJBKMYRCRQOHFGEUMXGK2JDXESZ5A2W5SJVJVTF7BW5CWBSUG422Q,0
2.1856695843560194,1,861.2621955821207,traffic_api_2,1
2.8258574623256028,2,736.4095976879076,weather_api_1,2
1.5,4,443.494567686724,EUKRBWJBKMYRCRQOHFGEUMXGK2JDXESZ5A2W5SJVJVTF7BW5CWBSUG422Q,0
2.5287610017500897,6,676.6788932096916,traffic_api_2,1
2.2348188272952685,4,1044.36330772861,EUKRBWJBKMYRCRQOHFGEUMXGK2JDXESZ5A2W5SJVJVTF7BW5CWBSUG422Q,0
2.080397059813653,6,692.320600003235,traffic_api_2,1
2.236704310614201,8,852.386108646439,traffic_api_2,1
1.5,7,893.0330882343121,weather_api_1,2
2.1121312448649956,5,746.275669902717,traffic_api_2,1
2.3428450286046987,2,618.9814041758217,EUKRBWJBKMYRCRQOHFGEUMXGK2JDXESZ5A2W5SJVJVTF7BW5CWBSUG422Q,0
2.791157617896607,1,427.7625201860534,EUKRBWJBKMYRCRQOHFGEUMXGK2JDXESZ5A2W5SJVJVTF7BW5CWBSUG422Q,0
1.9926919126905411,7,802.0995850330745,weather_api_1,2
1.876602558842725,4,622.2292796611742,weather_api_1,2
1.9992971825661856,1,741.1380542265231,traffic_api_2,1
2.56616084708083,6,570.0215592492763,weather_api_1,2
2.331500443863874,5,688.1714951435757,EUKRBWJBKMYRCRQOHFGEUMXGK2JDXESZ5A2W5SJVJVTF7BW5CWBSUG422Q,0
1.9880959184931846,8,724.0462865881263,EUKRBWJBKMYRCRQOHFGEUMXGK2JDXESZ5A2W5SJVJVTF7BW5CWBSUG422Q,0
2.4053069732453425,5,752.2312297253158,weather_api_1,2
2.2388310197392163,4,586.2213375177103,weather_api_1,2
2.587457996213156,10,863.6293138513622,weather_api_1,2
1.9191787624490593,7,648.3726258321634,traffic_api_2,1
2.068935141360893,4,519.0636647456106,traffic_api_2,1
2.043156738747137,8,706.9171896043844,EUKRBWJBKMYRCRQOHFGEUMXGK2JDXESZ5A2W5SJVJVTF7BW5CWBSUG422Q,0
1.6145940207471527,5,724.1250370831752,traffic_api_2,1
2.318448110825831,5,739.2707319806111,traffic_api_2,1
2.304422108871956,5,883.4558884422095,traffic_api_2,1
2.2020453826569844,2,691.6261395916969,traffic_api_2,1
2.1061651466499414,3,705.6456450757474,EUKRBWJBKMYRCRQOHFGEUMXGK2JDXESZ5A2W5SJVJVTF7BW5CWBSUG422Q,0
1.6338517031798343,4,587.6178742520287,weather_api_1,2
2.0317418708938564,9,818.4664203465477,EUKRBWJBKMYRCRQOHFGEUMXGK2JDXESZ5A2W5SJVJVTF7BW5CWBSUG422Q,0
2.0629141933892923,0,742.1170876893724,traffic_api_2,1
1.8790890923113526,5,669.5966727247005,weather_api_1,2
2.1354857153335964,5,491.4390367841444,weather_api_1,2
2.3616203427258156,5,893.3294634066106,weather_api_1,2
2.9544743604842125,5,572.6784042652731,EUKRBWJBKMYRCRQOHFGEUMXGK2JDXESZ5A2W5SJVJVTF7BW5CWBSUG422Q,0
2.2698311251327357,4,649.0466388756354,weather_api_1,2
2.3030201562891057,9,763.0013413291204,EUKRBWJBKMYRCRQOHFGEUMXGK2JDXESZ5A2W5SJVJVTF7BW5CWBSUG422Q,0
2.1702216336935334,6,576.4130485659977,EUKRBWJBKMYRCRQOHFGEUMXGK2JDXESZ5A2W5SJVJVTF7BW5CWBSUG422Q,0
1.5,2,540.7788266096228,traffic_api_2,1
2.1893944498203135,6,465.1262900759202,traffic_api_2,1
2.224092083976411,6,806.5196343486763,weather_api_1,2
3.185296844994115,6,654.5776506328414,weather_api_1,2
2.1230556140875514,5,1071.2724110967997,traffic_api_2,1
2.320618936933445,2,600.6773921242952,EUKRBWJBKMYRCRQOHFGEUMXGK2JDXESZ5A2W5SJVJVTF7BW5CWBSUG422Q,0
2.186115292117903,5,609.4258771885295,EUKRBWJBKMYRCRQOHFGEUMXGK2JDXESZ5A2W5SJVJVTF7BW5CWBSUG422Q,0
1.7325287849521873,3,652.1528435657518,traffic_api_2,1
2.6571291258060086,3,749.1761586166186,EUKRBWJBKMYRCRQOHFGEUMXGK2JDXESZ5A2W5SJVJVTF7BW5CWBSUG422Q,0
2.50077321307471,3,663.5755993457626,traffic_api_2,1
2.516412778817219,6,793.4798656803015,traffic_api_2,1
1.8362450180821046,6,602.5693932013614,weather_api_1,2
2.76111772437444,4,554.2089937843703,weather_api_1,2
1.6392595748830878,5,504.21423127090713,traffic_api_2,1
2.4347428375201083,5,453.17109984753637,weather_api_1,2
3.0761822503239915,7,657.8317176629932,traffic_api_2,1
1.8037854699477247,5,683.8823625128134,EUKRBWJBKMYRCRQOHFGEUMXGK2JDXESZ5A2W5SJVJVTF7BW5CWBSUG422Q,0
1.9734809081588913,3,644.227556702018,EUKRBWJBKMYRCRQOHFGEUMXGK2JDXESZ5A2W5SJVJVTF7BW5CWBSUG422Q,0
2.2398605460350565,4,869.2086956624594,EUKRBWJBKMYRCRQOHFGEUMXGK2JDXESZ5A2W5SJVJVTF7BW5CWBSUG422Q,0
1.9986097383535204,7,867.3636251529762,EUKRBWJBKMYRCRQOHFGEUMXGK2JDXESZ5A2W5SJVJVTF7BW5CWBSUG422Q,0
1.579734627573547,5,679.8236415066598,traffic_api_2,1
2.227425189922411,7,504.72946641696444,EUKRBWJBKMYRCRQOHFGEUMXGK2JDXESZ5A2W5SJVJVTF7BW5CWBSUG422Q,0
1.7750785145095582,8,651.9953870333936,EUKRBWJBKMYRCRQOHFGEUMXGK2JDXESZ5A2W5SJVJVTF7BW5CWBSUG422Q,0
2.3894369722540727,7,648.0214327299526,EUKRBWJBKMYRCRQOHFGEUMXGK2JDXESZ5A2W5SJVJVTF7BW5CWBSUG422Q,0
1.8322303063064789,5,641.1438045266331,EUKRBWJBKMYRCRQOHFGEUMXGK2JDXESZ5A2W5SJVJVTF7BW5CWBSUG422Q,0
2.8199737620070158,8,636.2737315322106,traffic_api_2,1
1.8866986830655053,4,641.5844525130232,EUKRBWJBKMYRCRQOHFGEUMXGK2JDXESZ5A2W5SJVJVTF7BW5CWBSUG422Q,0
2.0711753935177297,6,673.6150060922688,weather_api_1,2
2.5254068869478683,8,643.7350681421332,weather_api_1,2
1.7076542734264182,6,744.998701035071,weather_api_1,2
2.290983973841652,3,763.2442459085834,weather_api_1,2
2.7228571017129717,8,610.7225895381013,weather_api_1,2
1.557006706175509,4,872.527839120844,weather_api_1,2
2.2738535434129217,7,602.3925237791263,traffic_api_2,1
2.3039531176993697,2,525.8639263421595,weather_api_1,2
2.5127291487109242,10,765.6933685638062,EUKRBWJBKMYRCRQOHFGEUMXGK2JDXESZ5A2W5SJVJVTF7BW5CWBSUG422Q,0
1.7052197156487674,6,621.9110238702792,weather_api_1,2
1.6718173547662896,4,758.5549764908866,traffic_api_2,1
2.4087766262467594,5,431.55976786793633,weather_api_1,2
2.3187938692932746,6,887.0947129779681,EUKRBWJBKMYRCRQOHFGEUMXGK2JDXESZ5A2W5SJVJVTF7BW5CWBSUG422Q,0
2.300197140138351,4,800.6752089648483,EUKRBWJBKMYRCRQOHFGEUMXGK2JDXESZ5A2W5SJVJVTF7BW5CWBSUG422Q,0
2.3385792837987904,5,539.9428141004398,traffic_api_2,1
1.9279901113686038,6,542.5467451384457,traffic_api_2,1
2.2929014788644015,3,920.6719084917033,traffic_api_2,1
2.3172289893194726,7,631.514411580245,traffic_api_2,1
1.914259432789453,7,619.8978181520852,weather_api_1,2
2.946309804457903,8,448.07374870208605,weather_api_1,2
2.389533168364715,4,677.9066153278135,EUKRBWJBKMYRCRQOHFGEUMXGK2JDXESZ5A2W5SJVJVTF7BW5CWBSUG422Q,0
1.7234786011189407,7,692.6736462197097,traffic_api_2,1
2.462621443453532,3,805.8591716123383,traffic_api_2,1
1.8101273319090716,4,552.110588617863,weather_api_1,2
2.514833841496981,4,537.5655849311269,traffic_api_2,1
2.663438231602962,0,774.1155161731772,EUKRBWJBKMYRCRQOHFGEUMXGK2JDXESZ5A2W5SJVJVTF7BW5CWBSUG422Q,0
1.871727072659316,1,840.8076085472478,EUKRBWJBKMYRCRQOHFGEUMXGK2JDXESZ5A2W5SJVJVTF7BW5CWBSUG422Q,0
2.585350451697729,1,531.4617178658541,traffic_api_2,1
2.3651123707745993,7,849.781690355969,EUKRBWJBKMYRCRQOHFGEUMXGK2JDXESZ5A2W5SJVJVTF7BW5CWBSUG422Q,0
2.528824063997796,5,724.5050209784185,EUKRBWJBKMYRCRQOHFGEUMXGK2JDXESZ5A2W5SJVJVTF7BW5CWBSUG422Q,0
2.958717193061579,5,851.0166406889575,weather_api_1,2
2.101844753598852,8,711.573556617886,EUKRBWJBKMYRCRQOHFGEUMXGK2JDXESZ5A2W5SJVJVTF7BW5CWBSUG422Q,0
1.8985055342570043,3,417.32664990144593,traffic_api_2,1
1.844194228149791,5,701.7639141220753,traffic_api_2,1
1.873675886013825,3,847.2172582405524,EUKRBWJBKMYRCRQOHFGEUMXGK2JDXESZ5A2W5SJVJVTF7BW5CWBSUG422Q,0
2.1691593162343583,5,612.7504777099543,traffic_api_2,1
2.3364607899266576,1,673.4442037311057,weather_api_1,2
2.310676319732008,7,698.8639795738826,EUKRBWJBKMYRCRQOHFGEUMXGK2JDXESZ5A2W5SJVJVTF7BW5CWBSUG422Q,0
2.53087329961441,2,372.05833441578216,EUKRBWJBKMYRCRQOHFGEUMXGK2JDXESZ5A2W5SJVJVTF7BW5CWBSUG422Q,0
2.205200756751163,4,920.5617090524971,EUKRBWJBKMYRCRQOHFGEUMXGK2JDXESZ5A2W5SJVJVTF7BW5CWBSUG422Q,0
2.781413630862927,6,611.8349184123391,traffic_api_2,1
2.0941372667048177,7,780.6882518967359,traffic_api_2,1
3.2880676666358477,9,709.5958636622149,EUKRBWJBKMYRCRQOHFGEUMXGK2JDXESZ5A2W5SJVJVTF7BW5CWBSUG422Q,0
2.450266939106003,4,870.9142867631232,traffic_api_2,1
1.8571369774334872,1,768.7267346913698,traffic_api_2,1
1.7716430007755553,4,691.809087417483,EUKRBWJBKMYRCRQOHFGEUMXGK2JDXESZ5A2W5SJVJVTF7BW5CWBSUG422Q,0
2.392988966097274,6,612.7781888976864,EUKRBWJBKMYRCRQOHFGEUMXGK2JDXESZ5A2W5SJVJVTF7BW5CWBSUG422Q,0
2.11061488586966,3,815.7420841658567,traffic_api_2,1
2.485600197636837,4,495.18704352544603,EUKRBWJBKMYRCRQOHFGEUMXGK2JDXESZ5A2W5SJVJVTF7BW5CWBSUG422Q,0
2.389295049829418,2,797.506850433107,EUKRBWJBKMYRCRQOHFGEUMXGK2JDXESZ5A2W5SJVJVTF7BW5CWBSUG422Q,0
2.170868434937251,6,588.1146298134153,EUKRBWJBKMYRCRQOHFGEUMXGK2JDXESZ5A2W5SJVJVTF7BW5CWBSUG422Q,0
1.8612825127726382,8,870.2740394347968,EUKRBWJBKMYRCRQOHFGEUMXGK2JDXESZ5A2W5SJVJVTF7BW5CWBSUG422Q,0
1.5940611101256543,7,739.3559451195234,traffic_api_2,1
2.021394019173192,2,797.294852142013,EUKRBWJBKMYRCRQOHFGEUMXGK2JDXESZ5A2W5SJVJVTF7BW5CWBSUG422Q,0
2.542559517729389,6,729.8386576589663,weather_api_1,2
2.2856374976520817,9,509.7147485830804,EUKRBWJBKMYRCRQOHFGEUMXGK2JDXESZ5A2W5SJVJVTF7BW5CWBSUG422Q,0
1.701704488515205,3,616.7125003925594,weather_api_1,2
2.269272370340473,8,800.6867205133659,EUKRBWJBKMYRCRQOHFGEUMXGK2JDXESZ5A2W5SJVJVTF7BW5CWBSUG422Q,0
2.354126951891535,7,739.9986980831812,weather_api_1,2
1.846457025519547,6,861.7187886366806,weather_api_1,2
2.2614900423782114,10,768.3929475644607,EUKRBWJBKMYRCRQOHFGEUMXGK2JDXESZ5A2W5SJVJVTF7BW5CWBSUG422Q,0
2.2232834873784,5,603.9957731156808,EUKRBWJBKMYRCRQOHFGEUMXGK2JDXESZ5A2W5SJVJVTF7BW5CWBSUG422Q,0
1.7428118808677509,5,624.4723034735239,EUKRBWJBKMYRCRQOHFGEUMXGK2JDXESZ5A2W5SJVJVTF7BW5CWBSUG422Q,0
2.3431149441393133,5,732.3500868627884,weather_api_1,2
2.424313810547294,5,442.3147120799874,traffic_api_2,1
2.633220497270111,4,920.8130262747582,traffic_api_2,1
2.6215208208139615,10,773.0096083653069,EUKRBWJBKMYRCRQOHFGEUMXGK2JDXESZ5A2W5SJVJVTF7BW5CWBSUG422Q,0
1.6489322528171637,3,867.2441516458647,traffic_api_2,1
1.824869984033951,2,530.3275271028997,traffic_api_2,1
2.406014106883464,6,869.3478192426307,EUKRBWJBKMYRCRQOHFGEUMXGK2JDXESZ5A2W5SJVJVTF7BW5CWBSUG422Q,0
2.4055143803648837,4,987.7798693233299,weather_api_1,2
2.4060190745224195,4,561.4945973547219,EUKRBWJBKMYRCRQOHFGEUMXGK2JDXESZ5A2W5SJVJVTF7BW5CWBSUG422Q,0
3.5,8,812.568215388452,traffic_api_2,1
2.428356204277267,5,720.1331933624751,weather_api_1,2
2.65422625607224,4,534.6679382102107,traffic_api_2,1
2.581600705397281,7,779.1460766222244,weather_api_1,2
2.4605565005223196,4,820.0323845804818,traffic_api_2,1
2.0738923021438618,2,647.8648136797384,EUKRBWJBKMYRCRQOHFGEUMXGK2JDXESZ5A2W5SJVJVTF7BW5CWBSUG422Q,0
2.503587688197307,2,859.9099824306268,traffic_api_2,1
1.8908699141849714,3,519.9883911852962,traffic_api_2,1
2.1052725573039965,3,540.6292624260427,weather_api_1,2
2.005854580868359,8,736.3916874706503,traffic_api_2,1
2.232749655754529,6,723.0462333566726,EUKRBWJBKMYRCRQOHFGEUMXGK2JDXESZ5A2W5SJVJVTF7BW5CWBSUG422Q,0
3.1258634266694036,0,634.0111813891074,EUKRBWJBKMYRCRQOHFGEUMXGK2JDXESZ5A2W5SJVJVTF7BW5CWBSUG422Q,0
1.5,8,817.1513323166263,EUKRBWJBKMYRCRQOHFGEUMXGK2JDXESZ5A2W5SJVJVTF7BW5CWBSUG422Q,0
2.4745040761498056,5,783.707317705914,weather_api_1,2
1.5549136515241395,4,822.9766885120819,weather_api_1,2
2.011227253684227,5,705.2236277577279,traffic_api_2,1
2.6355802387869467,7,792.3096321574009,traffic_api_2,1
2.2257120076381853,6,666.5219636364006,traffic_api_2,1
1.7689020888282778,3,966.4582428103915,weather_api_1,2
1.9138785162960128,4,622.4945075853617,weather_api_1,2
2.4718390995738706,2,972.6356915349975,traffic_api_2,1
1.9078533473131456,4,724.186553650729,weather_api_1,2
2.28658343583279,1,554.9386932517509,weather_api_1,2
2.218228735961526,9,884.1695220586321,EUKRBWJBKMYRCRQOHFGEUMXGK2JDXESZ5A2W5SJVJVTF7BW5CWBSUG422Q,0
1.9393598609576732,3,735.1081666073951,EUKRBWJBKMYRCRQOHFGEUMXGK2JDXESZ5A2W5SJVJVTF7BW5CWBSUG422Q,0
3.0575776357301305,1,822.1348918056285,traffic_api_2,1
2.4535676089272047,5,866.8627102251112,traffic_api_2,1
1.5,4,760.554666497403,EUKRBWJBKMYRCRQOHFGEUMXGK2JDXESZ5A2W5SJVJVTF7BW5CWBSUG422Q,0
2.274581725907771,6,648.9310986224623,weather_api_1,2
1.935285414092645,5,837.08560532031,traffic_api_2,1
2.54097333391849,8,720.0906608945514,traffic_api_2,1
1.88299170462692,5,802.3029382330103,traffic_api_2,1
2.1541054234132404,7,461.55233114502465,weather_api_1,2
2.4019949115921833,4,773.6378060411822,EUKRBWJBKMYRCRQOHFGEUMXGK2JDXESZ5A2W5SJVJVTF7BW5CWBSUG422Q,0
2.5463020776680487,1,643.3697009825964,traffic_api_2,1
1.7198814371776896,5,918.3971564614237,EUKRBWJBKMYRCRQOHFGEUMXGK2JDXESZ5A2W5SJVJVTF7BW5CWBSUG422Q,0
2.066199505663621,4,794.7704817466914,EUKRBWJBKMYRCRQOHFGEUMXGK2JDXESZ5A2W5SJVJVTF7BW5CWBSUG422Q,0
2.010021875535618,3,748.7829295019156,weather_api_1,2
1.9386683069705155,2,778.3571992020265,weather_api_1,2
2.906181696112439,12,600.1870976547938,weather_api_1,2
2.3619926843843824,5,914.7908028633665,weather_api_1,2
1.695646418265982,10,958.9644502100285,weather_api_1,2
2.567144778821911,6,767.149621265786,weather_api_1,2
3.0488624788050536,1,910.8484282288366,traffic_api_2,1
2.612986104220459,6,651.702216159296,EUKRBWJBKMYRCRQOHFGEUMXGK2JDXESZ5A2W5SJVJVTF7BW5CWBSUG422Q,0
1.5922520136183946,2,624.3463720530024,weather_api_1,2
2.0063063708534994,4,724.9109698474707,traffic_api_2,1
2.706764459674649,5,772.1929246041478,EUKRBWJBKMYRCRQOHFGEUMXGK2JDXESZ5A2W5SJVJVTF7BW5CWBSUG422Q,0
1.9169322137524878,8,672.7215982508255,weather_api_1,2
2.3775277712584915,4,784.532182844218,weather_api_1,2
2.509853621371735,2,756.7667378488097,traffic_api_2,1
1.829227811368767,1,600.2031869650734,EUKRBWJBKMYRCRQOHFGEUMXGK2JDXESZ5A2W5SJVJVTF7BW5CWBSUG422Q,0
2.17618985757528,8,782.2551620942065,weather_api_1,2
1.5,8,823.6233891025826,EUKRBWJBKMYRCRQOHFGEUMXGK2JDXESZ5A2W5SJVJVTF7BW5CWBSUG422Q,0
1.7902449434662842,4,740.576318110847,traffic_api_2,1
2.098972739442736,1,858.3177723914031,weather_api_1,2
1.7008867272140604,9,573.9115447803658,EUKRBWJBKMYRCRQOHFGEUMXGK2JDXESZ5A2W5SJVJVTF7BW5CWBSUG422Q,0
2.8529645215726545,4,776.1540506558222,traffic_api_2,1
1.627943448815747,2,579.5663152323871,traffic_api_2,1
2.0239822053212064,4,586.3102370120295,weather_api_1,2
2.2522962309144368,3,644.2882999514652,EUKRBWJBKMYRCRQOHFGEUMXGK2JDXESZ5A2W5SJVJVTF7BW5CWBSUG422Q,0
2.7765093156264467,8,606.9527779710907,weather_api_1,2
1.6256551395282244,9,654.2405017510634,weather_api_1,2
2.665265500861984,4,694.3019627146573,EUKRBWJBKMYRCRQOHFGEUMXGK2JDXESZ5A2W5SJVJVTF7BW5CWBSUG422Q,0
2.204093224407835,4,820.4585383597662,EUKRBWJBKMYRCRQOHFGEUMXGK2JDXESZ5A2W5SJVJVTF7BW5CWBSUG422Q,0
1.8073965395808198,5,681.4609153553157,EUKRBWJBKMYRCRQOHFGEUMXGK2JDXESZ5A2W5SJVJVTF7BW5CWBSUG422Q,0
2.3848413897053087,11,529.7249151876489,traffic_api_2,1
2.2796238782293883,8,856.8081415794193,traffic_api_2,1
1.9599132491364823,6,619.5491839661952,EUKRBWJBKMYRCRQOHFGEUMXGK2JDXESZ5A2W5SJVJVTF7BW5CWBSUG422Q,0
2.227920833996008,2,712.9535487474445,traffic_api_2,1
2.045874561255296,8,773.5843808328854,weather_api_1,2
2.2454069381004995,7,743.9532502083339,EUKRBWJBKMYRCRQOHFGEUMXGK2JDXESZ5A2W5SJVJVTF7BW5CWBSUG422Q,0
2.4648522698084188,6,851.3015457025771,weather_api_1,2
2.834406726458141,5,777.480377207131,EUKRBWJBKMYRCRQOHFGEUMXGK2JDXESZ5A2W5SJVJVTF7BW5CWBSUG422Q,0
1.7048738004692605,3,616.6428504363471,weather_api_1,2
3.053213349862507,5,981.4274608789995,EUKRBWJBKMYRCRQOHFGEUMXGK2JDXESZ5A2W5SJVJVTF7BW5CWBSUG422Q,0
1.5,3,743.320015600588,weather_api_1,2
2.1392859619857667,3,702.3191728054193,EUKRBWJBKMYRCRQOHFGEUMXGK2JDXESZ5A2W5SJVJVTF7BW5CWBSUG422Q,0
2.435326882593831,7,835.6710507666685,EUKRBWJBKMYRCRQOHFGEUMXGK2JDXESZ5A2W5SJVJVTF7BW5CWBSUG422Q,0
2.3123967470940134,4,749.9341135116086,traffic_api_2,1
1.9509201920717627,4,767.9073831527193,weather_api_1,2
2.11675109985709,6,1019.0620798320824,traffic_api_2,1
2.002799626136467,6,686.9854286093944,weather_api_1,2
1.9642540972223155,3,681.8686927179125,traffic_api_2,1
2.53984083880841,4,733.9894214414957,EUKRBWJBKMYRCRQOHFGEUMXGK2JDXESZ5A2W5SJVJVTF7BW5CWBSUG422Q,0
2.3428061943860192,6,848.5819122697246,traffic_api_2,1
1.9228361618957384,6,539.2159163771521,traffic_api_2,1
2.5598399501733002,6,484.1332930228194,EUKRBWJBKMYRCRQOHFGEUMXGK2JDXESZ5A2W5SJVJVTF7BW5CWBSUG422Q,0
2.322919808350644,6,649.5461675255823,traffic_api_2,1
2.525144847535584,3,523.9292449128856,EUKRBWJBKMYRCRQOHFGEUMXGK2JDXESZ5A2W5SJVJVTF7BW5CWBSUG422Q,0
2.451851536769445,5,669.0202382969234,weather_api_1,2
1.8684019956311713,2,780.2999635355148,traffic_api_2,1
1.9759275839212123,5,613.1101363737283,EUKRBWJBKMYRCRQOHFGEUMXGK2JDXESZ5A2W5SJVJVTF7BW5CWBSUG422Q,0
2.4989174420493048,3,548.7808107862389,EUKRBWJBKMYRCRQOHFGEUMXGK2JDXESZ5A2W5SJVJVTF7BW5CWBSUG422Q,0
2.4441481061733863,3,728.3204594058418,traffic_api_2,1
2.191639362414341,5,823.5052181538205,weather_api_1,2
2.246930953323513,11,516.6031873780065,traffic_api_2,1
2.7110659583153702,7,818.4278877967181,EUKRBWJBKMYRCRQOHFGEUMXGK2JDXESZ5A2W5SJVJVTF7BW5CWBSUG422Q,0
1.9633714444656682,7,818.0767444485991,weather_api_1,2
2.418838952468015,4,834.4902122587954,traffic_api_2,1
2.1191229390264423,1,866.2176257846024,EUKRBWJBKMYRCRQOHFGEUMXGK2JDXESZ5A2W5SJVJVTF7BW5CWBSUG422Q,0
2.112927518709112,4,984.2416709591539,traffic_api_2,1
2.639510740794876,5,677.2689541657134,weather_api_1,2
2.530166539595212,4,733.1485896093429,weather_api_1,2
2.5254038544002557,4,670.0273880102369,weather_api_1,2
2.7221915228617317,7,720.2372213706973,weather_api_1,2
2.208401536653104,6,903.9448026763574,weather_api_1,2
2.4727811885179856,8,558.5982619283197,traffic_api_2,1
2.075893297362618,4,616.674039340131,weather_api_1,2
2.329666540995377,3,885.2617123805474,weather_api_1,2
2.1479427782529266,0,842.4043808282507,EUKRBWJBKMYRCRQOHFGEUMXGK2JDXESZ5A2W5SJVJVTF7BW5CWBSUG422Q,0
2.2387983859970872,4,676.4242023819506,weather_api_1,2
2.4380628101747654,1,822.5282401344864,EUKRBWJBKMYRCRQOHFGEUMXGK2JDXESZ5A2W5SJVJVTF7BW5CWBSUG422Q,0
1.8727117267066111,4,760.945901099044,EUKRBWJBKMYRCRQOHFGEUMXGK2JDXESZ5A2W5SJVJVTF7BW5CWBSUG422Q,0
3.036954910274184,3,900.0329530801185,EUKRBWJBKMYRCRQOHFGEUMXGK2JDXESZ5A2W5SJVJVTF7BW5CWBSUG422Q,0
1.7975930474001194,5,728.9411512592127,traffic_api_2,1
1.7143245548849073,6,843.0758536647099,traffic_api_2,1
2.6632443494000273,6,1037.0414292591145,EUKRBWJBKMYRCRQOHFGEUMXGK2JDXESZ5A2W5SJVJVTF7BW5CWBSUG422Q,0
2.5166650775851744,4,791.7718986056959,traffic_api_2,1
2.4496479268208624,4,725.9193798953812,weather_api_1,2
2.451338203705712,5,806.6936382265176,traffic_api_2,1
2.1951012908612344,1,676.1662970155338,weather_api_1,2
1.8410982514056675,9,1006.5561246629679,weather_api_1,2
2.2303218232774906,7,741.6085245235178,traffic_api_2,1
1.9291353153951554,5,687.2480015729385,traffic_api_2,1
2.5900478933671005,4,619.7173193975957,EUKRBWJBKMYRCRQOHFGEUMXGK2JDXESZ5A2W5SJVJVTF7BW5CWBSUG422Q,0
2.141177047399145,5,851.6664229927726,traffic_api_2,1
1.8698011212829955,4,824.0624895393287,traffic_api_2,1
2.0714456633388028,1,660.3174754303088,traffic_api_2,1
2.36517258171025,3,789.1741614146907,weather_api_1,2
1.9745101788784103,7,538.9732838144572,weather_api_1,2
1.8711118417734276,6,742.1964690087788,weather_api_1,2
2.297474884596765,10,774.3307622492033,EUKRBWJBKMYRCRQOHFGEUMXGK2JDXESZ5A2W5SJVJVTF7BW5CWBSUG422Q,0
2.297986628443489,4,924.8795771471067,EUKRBWJBKMYRCRQOHFGEUMXGK2JDXESZ5A2W5SJVJVTF7BW5CWBSUG422Q,0
1.9972227298515484,5,627.5017436725573,EUKRBWJBKMYRCRQOHFGEUMXGK2JDXESZ5A2W5SJVJVTF7BW5CWBSUG422Q,0
2.011584677752671,6,566.597684543721,weather_api_1,2
2.292819974943055,6,612.548644688995,traffic_api_2,1
1.6207662634010704,8,559.6117799622095,EUKRBWJBKMYRCRQOHFGEUMXGK2JDXESZ5A2W5SJVJVTF7BW5CWBSUG422Q,0
1.6370144902493782,4,880.398882931078,EUKRBWJBKMYRCRQOHFGEUMXGK2JDXESZ5A2W5SJVJVTF7BW5CWBSUG422Q,0
1.9126223114990257,3,905.8367154028845,weather_api_1,2
2.114621139315261,3,758.4259893538594,EUKRBWJBKMYRCRQOHFGEUMXGK2JDXESZ5A2W5SJVJVTF7BW5CWBSUG422Q,0
2.324363026239202,9,866.5553934822178,traffic_api_2,1
2.7901424867798212,7,736.0750056696282,weather_api_1,2
2.543063849280808,2,708.586602275908,weather_api_1,2
2.1360245880146294,2,680.0354857135486,traffic_api_2,1
2.1923935168389246,4,682.7530810346922,traffic_api_2,1
1.7989882541448767,6,534.2638132429163,traffic_api_2,1
2.1925947456030443,9,751.7105716328807,EUKRBWJBKMYRCRQOHFGEUMXGK2JDXESZ5A2W5SJVJVTF7BW5CWBSUG422Q,0
2.084536544431945,11,715.1599307743147,traffic_api_2,1
2.329087424135236,4,809.4432868893451,weather_api_1,2
1.869107622579071,7,731.2228195726332,traffic_api_2,1
2.407738605696469,7,700.475555811709,weather_api_1,2
2.8130955652010314,3,615.4568363990843,weather_api_1,2
2.156495940617257,7,728.6583884186114,EUKRBWJBKMYRCRQOHFGEUMXGK2JDXESZ5A2W5SJVJVTF7BW5CWBSUG422Q,0
2.360684688839577,5,808.5884676979394,traffic_api_2,1
2.4760575966844454,2,582.7993210699367,EUKRBWJBKMYRCRQOHFGEUMXGK2JDXESZ5A2W5SJVJVTF7BW5CWBSUG422Q,0
2.039511811245666,9,730.4968504416887,traffic_api_2,1
2.289636992724167,6,747.9651541835381,traffic_api_2,1
2.205036960312718,3,633.8322259658082,traffic_api_2,1
2.2390704394195327,6,649.4572434110399,traffic_api_2,1
1.8907960864578135,3,747.6733018519458,traffic_api_2,1
2.2098040697035772,2,583.9894778048853,weather_api_1,2
2.39919931649818,8,761.9908458299271,weather_api_1,2
2.780457443118017,4,612.557475160896,traffic_api_2,1
2.583708330434083,5,847.5424431639859,weather_api_1,2
3.061272983004623,4,1000.539329446596,EUKRBWJBKMYRCRQOHFGEUMXGK2JDXESZ5A2W5SJVJVTF7BW5CWBSUG422Q,0
1.8930609748447804,3,616.7091837957817,EUKRBWJBKMYRCRQOHFGEUMXGK2JDXESZ5A2W5SJVJVTF7BW5CWBSUG422Q,0
2.5489282546882714,4,784.1049434849609,EUKRBWJBKMYRCRQOHFGEUMXGK2JDXESZ5A2W5SJVJVTF7BW5CWBSUG422Q,0
2.273336802295341,3,632.7909714141576,traffic_api_2,1
3.0759211732870693,11,844.9145008557348,traffic_api_2,1
1.8766806858579397,6,568.1689909097743,weather_api_1,2
1.8641112631276897,5,777.6704110113255,weather_api_1,2
1.9602429418223912,5,615.2413239732776,weather_api_1,2
1.5,5,695.1618493081958,EUKRBWJBKMYRCRQOHFGEUMXGK2JDXESZ5A2W5SJVJVTF7BW5CWBSUG422Q,0
1.9896979913276958,3,596.2769669823232,EUKRBWJBKMYRCRQOHFGEUMXGK2JDXESZ5A2W5SJVJVTF7BW5CWBSUG422Q,0
1.896346935378521,6,818.6820565074904,EUKRBWJBKMYRCRQOHFGEUMXGK2JDXESZ5A2W5SJVJVTF7BW5CWBSUG422Q,0
2.260157514590483,4,619.5623574672495,EUKRBWJBKMYRCRQOHFGEUMXGK2JDXESZ5A2W5SJVJVTF7BW5CWBSUG422Q,0
2.336702390310864,5,786.2357111198194,weather_api_1,2
2.9504683356863546,3,678.70823660852,traffic_api_2,1
2.58016953527442,7,706.2633153841365,traffic_api_2,1
1.969238537735039,3,737.7307088880154,EUKRBWJBKMYRCRQOHFGEUMXGK2JDXESZ5A2W5SJVJVTF7BW5CWBSUG422Q,0
1.840634131460657,6,628.5810394009382,traffic_api_2,1
2.3967676686026023,7,745.2440536249064,traffic_api_2,1
1.6719067171917432,1,903.6401477225293,traffic_api_2,1
2.9325835063417416,6,626.6286257000743,EUKRBWJBKMYRCRQOHFGEUMXGK2JDXESZ5A2W5SJVJVTF7BW5CWBSUG422Q,0
2.671776048288515,4,860.6172171928614,weather_api_1,2
2.012329739158118,2,899.7717160185341,weather_api_1,2
1.5147461883636493,2,622.0614013166347,traffic_api_2,1
2.741548949666165,5,545.3934473891338,weather_api_1,2
2.154184061898953,5,756.2353080206118,weather_api_1,2
2.695126524789385,3,654.3110972679752,EUKRBWJBKMYRCRQOHFGEUMXGK2JDXESZ5A2W5SJVJVTF7BW5CWBSUG422Q,0
1.5622289364822532,5,944.2323862995603,EUKRBWJBKMYRCRQOHFGEUMXGK2JDXESZ5A2W5SJVJVTF7BW5CWBSUG422Q,0
1.960249990818491,11,724.1769048599799,traffic_api_2,1
2.2020974798872732,2,623.7360710357785,traffic_api_2,1
2.218792237505897,6,582.3408586785946,traffic_api_2,1
2.0199738114083026,5,850.7885950908997,EUKRBWJBKMYRCRQOHFGEUMXGK2JDXESZ5A2W5SJVJVTF7BW5CWBSUG422Q,0
2.4491399729389998,3,651.4579231098976,weather_api_1,2
1.7729518282469625,4,725.2594559352514,EUKRBWJBKMYRCRQOHFGEUMXGK2JDXESZ5A2W5SJVJVTF7BW5CWBSUG422Q,0
2.143048205991483,10,834.6963294134977,EUKRBWJBKMYRCRQOHFGEUMXGK2JDXESZ5A2W5SJVJVTF7BW5CWBSUG422Q,0
2.2481182526847596,1,661.8889977683003,weather_api_1,2
2.4057755336235,8,714.4885405511807,weather_api_1,2
2.484645951235556,3,718.0117908212976,traffic_api_2,1
1.7501431632648525,5,801.998941381931,weather_api_1,2
1.5863543317057514,4,790.889320261239,weather_api_1,2
2.711070728759404,11,693.5863522494205,weather_api_1,2
2.332925604791837,3,727.6378873795821,weather_api_1,2
1.9006053853773788,4,675.3865186171814,traffic_api_2,1
2.8204607902090095,3,542.6865111696666,traffic_api_2,1
2.2462698537171435,3,750.9121028877755,weather_api_1,2
2.671718873625531,8,947.0630112999681,weather_api_1,2
2.227007392564044,1,613.9537031170725,traffic_api_2,1
3.024299169952795,5,627.2364348476756,traffic_api_2,1
2.902136336977282,7,615.512667402751,weather_api_1,2
2.1004143406083706,3,806.9510134467747,EUKRBWJBKMYRCRQOHFGEUMXGK2JDXESZ5A2W5SJVJVTF7BW5CWBSUG422Q,0
2.5886283803817425,7,773.8182545035728,traffic_api_2,1
2.458150379834059,5,700.9754769100252,traffic_api_2,1
2.74745262301294,7,609.8377126033242,traffic_api_2,1
1.8140306157679584,5,731.0852149967909,weather_api_1,2
2.474420583999376,7,532.2453447197036,weather_api_1,2
2.623369794739835,5,737.2111880228991,traffic_api_2,1
1.5,4,824.5829263305521,weather_api_1,2
1.72669659493369,5,569.8561036039587,weather_api_1,2
1.5,11,536.0978067804404,traffic_api_2,1
2.092237266222177,7,909.5325470033831,weather_api_1,2
2.487016902318385,6,646.5888432594498,EUKRBWJBKMYRCRQOHFGEUMXGK2JDXESZ5A2W5SJVJVTF7BW5CWBSUG422Q,0
2.8009428208384115,3,856.3137415132586,weather_api_1,2
2.2296379121679104,0,701.5202801762601,weather_api_1,2
2.851446218228517,10,700.5654219670407,traffic_api_2,1
1.6479594167140434,5,772.6095239395975,traffic_api_2,1
1.5186470242579384,5,613.9201371904271,EUKRBWJBKMYRCRQOHFGEUMXGK2JDXESZ5A2W5SJVJVTF7BW5CWBSUG422Q,0
2.1777809204413527,3,735.8996572194775,weather_api_1,2
2.353626179575723,4,674.2212702211089,EUKRBWJBKMYRCRQOHFGEUMXGK2JDXESZ5A2W5SJVJVTF7BW5CWBSUG422Q,0
2.186922100762363,2,561.5407867913962,EUKRBWJBKMYRCRQOHFGEUMXGK2JDXESZ5A2W5SJVJVTF7BW5CWBSUG422Q,0
1.5,2,760.4978489671679,traffic_api_2,1
2.1643519841948846,7,688.40306317465,weather_api_1,2
1.6782121997980588,3,701.1570205866351,traffic_api_2,1
2.4678690195320154,1,574.780686790301,EUKRBWJBKMYRCRQOHFGEUMXGK2JDXESZ5A2W5SJVJVTF7BW5CWBSUG422Q,0
2.3466392984387396,3,910.9680441315365,EUKRBWJBKMYRCRQOHFGEUMXGK2JDXESZ5A2W5SJVJVTF7BW5CWBSUG422Q,0
1.824048085469058,7,825.205702366334,traffic_api_2,1
1.9944532330653226,5,835.6987061006374,traffic_api_2,1
1.7763145912444196,5,683.3466357069982,traffic_api_2,1
2.1749283610907315,4,512.4980532595896,traffic_api_2,1
2.5820569282004957,5,954.3500858987413,traffic_api_2,1
1.8057095814657826,5,712.6682990392958,EUKRBWJBKMYRCRQOHFGEUMXGK2JDXESZ5A2W5SJVJVTF7BW5CWBSUG422Q,0
2.401618606207138,3,630.1440244775936,traffic_api_2,1
1.987896952651024,3,770.0161889379737,weather_api_1,2
1.8828508670950626,6,860.0544945603957,EUKRBWJBKMYRCRQOHFGEUMXGK2JDXESZ5A2W5SJVJVTF7BW5CWBSUG422Q,0
2.157187856018177,6,717.233933269744,EUKRBWJBKMYRCRQOHFGEUMXGK2JDXESZ5A2W5SJVJVTF7BW5CWBSUG422Q,0
1.7859030710322505,4,873.4290201527249,weather_api_1,2
1.9785402778611274,9,849.9599926220242,weather_api_1,2
1.7208488429644608,6,590.834257511753,EUKRBWJBKMYRCRQOHFGEUMXGK2JDXESZ5A2W5SJVJVTF7BW5CWBSUG422Q,0
2.985890053166556,5,639.1451873208629,traffic_api_2,1
2.2141054207886914,5,834.9044595935721,EUKRBWJBKMYRCRQOHFGEUMXGK2JDXESZ5A2W5SJVJVTF7BW5CWBSUG422Q,0
1.920109796802966,4,394.48649234274745,EUKRBWJBKMYRCRQOHFGEUMXGK2JDXESZ5A2W5SJVJVTF7BW5CWBSUG422Q,0
2.285591964293689,10,702.0653168202014,weather_api_1,2
2.1550687801236683,6,548.3002558050393,EUKRBWJBKMYRCRQOHFGEUMXGK2JDXESZ5A2W5SJVJVTF7BW5CWBSUG422Q,0
2.111612160186711,2,662.813543827977,traffic_api_2,1
2.44566668001737,4,684.1415893164955,weather_api_1,2
2.503003084018922,3,677.0106746510991,EUKRBWJBKMYRCRQOHFGEUMXGK2JDXESZ5A2W5SJVJVTF7BW5CWBSUG422Q,0
1.9877995409557891,2,653.728649746487,EUKRBWJBKMYRCRQOHFGEUMXGK2JDXESZ5A2W5SJVJVTF7BW5CWBSUG422Q,0
1.9696727037421282,5,588.3427620445423,traffic_api_2,1
2.0899793211393427,6,995.0293520182423,EUKRBWJBKMYRCRQOHFGEUMXGK2JDXESZ5A2W5SJVJVTF7BW5CWBSUG422Q,0
1.5,5,944.0954404993621,EUKRBWJBKMYRCRQOHFGEUMXGK2JDXESZ5A2W5SJVJVTF7BW5CWBSUG422Q,0
1.5939235751205794,10,580.552101569246,EUKRBWJBKMYRCRQOHFGEUMXGK2JDXESZ5A2W5SJVJVTF7BW5CWBSUG422Q,0
2.74674970697781,5,909.8540101564281,EUKRBWJBKMYRCRQOHFGEUMXGK2JDXESZ5A2W5SJVJVTF7BW5CWBSUG422Q,0
2.857987085400514,5,672.0641411432576,traffic_api_2,1
2.100385584177449,4,735.5024967998053,EUKRBWJBKMYRCRQOHFGEUMXGK2JDXESZ5A2W5SJVJVTF7BW5CWBSUG422Q,0
2.430622785222307,4,712.4071248123701,EUKRBWJBKMYRCRQOHFGEUMXGK2JDXESZ5A2W5SJVJVTF7BW5CWBSUG422Q,0
2.3245000618174148,3,640.8301630495241,EUKRBWJBKMYRCRQOHFGEUMXGK2JDXESZ5A2W5SJVJVTF7BW5CWBSUG422Q,0
3.4315523233820953,6,838.0622812327376,weather_api_1,2
2.647829964573831,4,735.106383669199,traffic_api_2,1
2.1488329634076937,2,662.8138292136911,weather_api_1,2
1.8177838237598298,9,563.4492667439433,weather_api_1,2
1.557421471896971,5,612.7685983537056,traffic_api_2,1
2.281385454346889,9,523.0343861277483,weather_api_1,2
1.8974597018862789,5,721.4668258098203,weather_api_1,2
1.6310985161609306,5,576.4001289258725,weather_api_1,2
1.9413708463029895,1,688.1327384977751,traffic_api_2,1
1.7673807985542422,5,884.4122224332446,EUKRBWJBKMYRCRQOHFGEUMXGK2JDXESZ5A2W5SJVJVTF7BW5CWBSUG422Q,0
2.874856654029026,8,863.9159487505902,traffic_api_2,1
2.5526559027797804,6,716.1267727076859,traffic_api_2,1
2.1968109434733534,2,709.549832862822,traffic_api_2,1
2.7919776555560105,5,945.5849459305209,weather_api_1,2
2.2309473230590475,5,782.4907344430453,EUKRBWJBKMYRCRQOHFGEUMXGK2JDXESZ5A2W5SJVJVTF7BW5CWBSUG422Q,0
1.8554863194686946,4,680.6632248148172,traffic_api_2,1
2.809249630907863,6,548.8778259455457,traffic_api_2,1
2.4155640174738635,5,767.2647861797692,EUKRBWJBKMYRCRQOHFGEUMXGK2JDXESZ5A2W5SJVJVTF7BW5CWBSUG422Q,0
1.7851015382694175,6,819.5188527099435,EUKRBWJBKMYRCRQOHFGEUMXGK2JDXESZ5A2W5SJVJVTF7BW5CWBSUG422Q,0
2.123864528766557,5,644.2018170583627,EUKRBWJBKMYRCRQOHFGEUMXGK2JDXESZ5A2W5SJVJVTF7BW5CWBSUG422Q,0
1.8497526986460973,4,754.9443306165639,weather_api_1,2
1.6468801076142658,7,676.3712046101965,EUKRBWJBKMYRCRQOHFGEUMXGK2JDXESZ5A2W5SJVJVTF7BW5CWBSUG422Q,0
2.5704710190126567,5,697.9161120961197,weather_api_1,2
2.9637666561880525,7,421.46135309252026,traffic_api_2,1
1.6405729704723435,6,693.3862315540638,weather_api_1,2
2.4251876946762287,4,836.3243162889665,EUKRBWJBKMYRCRQOHFGEUMXGK2JDXESZ5A2W5SJVJVTF7BW5CWBSUG422Q,0
1.9397429723512694,8,644.231693332013,weather_api_1,2
2.0051498464941218,4,726.303164185838,EUKRBWJBKMYRCRQOHFGEUMXGK2JDXESZ5A2W5SJVJVTF7BW5CWBSUG422Q,0
1.9630424303044525,3,629.2859151969695,weather_api_1,2
1.8544036921280738,5,763.2530011551328,traffic_api_2,1
2.219408651177931,10,694.0172162956592,weather_api_1,2
1.867619953435585,6,607.2910151181592,traffic_api_2,1
2.3081827303119358,4,879.9061761198153,EUKRBWJBKMYRCRQOHFGEUMXGK2JDXESZ5A2W5SJVJVTF7BW5CWBSUG422Q,0
2.1799047562203455,3,831.4718416238658,traffic_api_2,1
2.1044207812534363,3,647.411188328619,EUKRBWJBKMYRCRQOHFGEUMXGK2JDXESZ5A2W5SJVJVTF7BW5CWBSUG422Q,0
1.836974535183361,5,779.7345971301332,EUKRBWJBKMYRCRQOHFGEUMXGK2JDXESZ5A2W5SJVJVTF7BW5CWBSUG422Q,0
1.969291467772667,2,784.4894403384457,traffic_api_2,1
2.502156490330303,6,797.0761482013411,traffic_api_2,1
2.4003668750497527,2,516.6892924805907,weather_api_1,2
1.8089779020805796,5,840.7927849239154,weather_api_1,2
2.2397329221716906,2,651.6361244489123,traffic_api_2,1
2.500554849348716,6,677.060647987048,traffic_api_2,1
1.5322378875514513,3,1036.5458102712241,traffic_api_2,1
2.417344076951974,5,756.2248056865214,traffic_api_2,1
1.9349504964216615,2,673.6413029463389,EUKRBWJBKMYRCRQOHFGEUMXGK2JDXESZ5A2W5SJVJVTF7BW5CWBSUG422Q,0
2.428239467437264,6,455.3646752692913,traffic_api_2,1
1.8946963373829935,6,886.7716960735627,traffic_api_2,1
1.5,7,558.5748395029677,traffic_api_2,1
1.5489830248467351,6,599.5873315800595,traffic_api_2,1
2.219233978664553,6,680.2377241094581,EUKRBWJBKMYRCRQOHFGEUMXGK2JDXESZ5A2W5SJVJVTF7BW5CWBSUG422Q,0
2.303889000688593,4,889.9694150040351,weather_api_1,2
1.8382733499582367,4,812.7887983998911,weather_api_1,2
2.4554369835109497,7,701.0594988191688,weather_api_1,2
1.5353919750924163,5,756.9950476366586,weather_api_1,2
2.1735680805410738,5,647.9537168554673,weather_api_1,2
1.7155935200950174,8,736.7584427478421,EUKRBWJBKMYRCRQOHFGEUMXGK2JDXESZ5A2W5SJVJVTF7BW5CWBSUG422Q,0
1.9392655568791364,4,728.8004093733764,weather_api_1,2
2.218959468526566,2,836.2523874817624,EUKRBWJBKMYRCRQOHFGEUMXGK2JDXESZ5A2W5SJVJVTF7BW5CWBSUG422Q,0
1.8558346538864192,3,836.0613746926739,EUKRBWJBKMYRCRQOHFGEUMXGK2JDXESZ5A2W5SJVJVTF7BW5CWBSUG422Q,0
2.04617778230807,4,779.2772858646774,weather_api_1,2
2.6025171236857765,6,676.5182930944677,weather_api_1,2
1.9692432521907406,9,809.0186753268151,weather_api_1,2
2.534276844826057,3,708.9637840556344,traffic_api_2,1
1.7481172581369528,5,590.170275754424,EUKRBWJBKMYRCRQOHFGEUMXGK2JDXESZ5A2W5SJVJVTF7BW5CWBSUG422Q,0
2.4119216711661133,3,671.6054649706873,weather_api_1,2
2.7766274482631603,2,730.1432380541189,traffic_api_2,1
1.5,4,829.2258940397694,EUKRBWJBKMYRCRQOHFGEUMXGK2JDXESZ5A2W5SJVJVTF7BW5CWBSUG422Q,0
1.8812418978118095,9,697.9766193411416,traffic_api_2,1
2.4308288508722162,4,574.8961546512472,traffic_api_2,1
2.118781845582803,5,726.8090019956184,weather_api_1,2
2.348458349348524,8,733.6147248067863,EUKRBWJBKMYRCRQOHFGEUMXGK2JDXESZ5A2W5SJVJVTF7BW5CWBSUG422Q,0
1.9584059253136719,8,742.3005154683303,traffic_api_2,1
2.23463591498916,5,830.3845819145316,EUKRBWJBKMYRCRQOHFGEUMXGK2JDXESZ5A2W5SJVJVTF7BW5CWBSUG422Q,0
2.137729105843168,3,842.2707888107878,weather_api_1,2
2.6671128246639233,9,648.6946953142,EUKRBWJBKMYRCRQOHFGEUMXGK2JDXESZ5A2W5SJVJVTF7BW5CWBSUG422Q,0
2.3017683373204854,2,646.0627850341268,traffic_api_2,1
2.3350410648300812,8,595.1761546853432,traffic_api_2,1
2.035249213551013,7,803.8578804336571,EUKRBWJBKMYRCRQOHFGEUMXGK2JDXESZ5A2W5SJVJVTF7BW5CWBSUG422Q,0
2.004957510371003,6,893.8584130005258,traffic_api_2,1
2.026976724872152,9,682.1901686509292,traffic_api_2,1
2.357780856951319,3,691.0283322330008,traffic_api_2,1
2.031606207671895,6,896.0139068278771,weather_api_1,2
2.3159099427585654,7,780.6669423858009,weather_api_1,2
3.030160319458176,7,772.3482845761266,traffic_api_2,1
2.5484498813726773,5,577.0900192831527,EUKRBWJBKMYRCRQOHFGEUMXGK2JDXESZ5A2W5SJVJVTF7BW5CWBSUG422Q,0
2.069590587132864,5,801.4473683135303,weather_api_1,2
2.680485568865578,1,608.503639138829,EUKRBWJBKMYRCRQOHFGEUMXGK2JDXESZ5A2W5SJVJVTF7BW5CWBSUG422Q,0
2.0367698507913796,7,583.9175776878051,traffic_api_2,1
1.5,4,678.3874107879946,traffic_api_2,1
1.7967654756330385,7,649.7048731861572,EUKRBWJBKMYRCRQOHFGEUMXGK2JDXESZ5A2W5SJVJVTF7BW5CWBSUG422Q,0
1.5,5,693.4080366737953,weather_api_1,2
2.059394606383477,5,547.0822038570097,EUKRBWJBKMYRCRQOHFGEUMXGK2JDXESZ5A2W5SJVJVTF7BW5CWBSUG422Q,0
2.207367351675821,3,835.0579567761207,EUKRBWJBKMYRCRQOHFGEUMXGK2JDXESZ5A2W5SJVJVTF7BW5CWBSUG422Q,0
2.8705749249101133,5,855.3223553419715,traffic_api_2,1
2.3307709495056654,5,486.3189031031023,weather_api_1,2
2.1123597884764544,4,837.414936679986,EUKRBWJBKMYRCRQOHFGEUMXGK2JDXESZ5A2W5SJVJVTF7BW5CWBSUG422Q,0
2.5317622324733957,3,622.7365644214049,weather_api_1,2
1.5,3,822.8370644379344,traffic_api_2,1
2.2942458232434264,5,711.7864208800302,weather_api_1,2
2.508346077554787,10,723.4530676897198,traffic_api_2,1
1.6085655016880636,2,697.7882820694538,weather_api_1,2
2.657501617282772,5,865.4555045080183,EUKRBWJBKMYRCRQOHFGEUMXGK2JDXESZ5A2W5SJVJVTF7BW5CWBSUG422Q,0
2.335398562997766,3,571.2494384969966,traffic_api_2,1
2.0338848344396796,4,792.9408406482011,EUKRBWJBKMYRCRQOHFGEUMXGK2JDXESZ5A2W5SJVJVTF7BW5CWBSUG422Q,0
2.453112746442514,6,852.159619786746,traffic_api_2,1
3.1082771431217586,3,805.9608096648493,weather_api_1,2
2.272746502023398,4,998.9638697188101,weather_api_1,2
2.2992882345201346,4,656.5263884730361,traffic_api_2,1
2.0162556401839025,5,834.8765787112237,traffic_api_2,1
1.8600622522140835,8,707.2691237590295,traffic_api_2,1
2.5321343266176983,5,868.0087291623204,weather_api_1,2
1.8575664696364533,6,719.0773205134357,traffic_api_2,1
2.228626494887757,3,673.4549061765036,traffic_api_2,1
2.0089370212939537,4,876.7286644645955,EUKRBWJBKMYRCRQOHFGEUMXGK2JDXESZ5A2W5SJVJVTF7BW5CWBSUG422Q,0
2.391591930298557,5,661.0125673177284,traffic_api_2,1
2.3334648421147794,6,550.4729089319333,EUKRBWJBKMYRCRQOHFGEUMXGK2JDXESZ5A2W5SJVJVTF7BW5CWBSUG422Q,0
2.61501597770316,7,657.9783740191406,EUKRBWJBKMYRCRQOHFGEUMXGK2JDXESZ5A2W5SJVJVTF7BW5CWBSUG422Q,0
1.9959934404581015,5,794.2839535906239,EUKRBWJBKMYRCRQOHFGEUMXGK2JDXESZ5A2W5SJVJVTF7BW5CWBSUG422Q,0
2.0920500258826515,2,887.044650190451,weather_api_1,2
1.8084945136870771,6,733.3355250355814,EUKRBWJBKMYRCRQOHFGEUMXGK2JDXESZ5A2W5SJVJVTF7BW5CWBSUG422Q,0
2.0222826959695555,4,878.183648068083,traffic_api_2,1
2.350920197217941,2,557.0190094226888,weather_api_1,2
2.502795446658141,4,666.8083842218516,weather_api_1,2
1.83113387032895,2,685.3709859415079,weather_api_1,2
2.5478423680422644,3,706.2528687032976,weather_api_1,2
2.7422551435219806,4,730.0913265900235,weather_api_1,2
2.3653739612894804,7,802.9093148870631,weather_api_1,2
2.9507183250232267,5,666.6231794195412,weather_api_1,2
1.890484320358571,5,736.683442434375,EUKRBWJBKMYRCRQOHFGEUMXGK2JDXESZ5A2W5SJVJVTF7BW5CWBSUG422Q,0
1.7021381186754334,7,714.5852531611138,traffic_api_2,1
1.5,9,608.893211533062,traffic_api_2,1
2.7984177245956734,7,706.3599973102278,EUKRBWJBKMYRCRQOHFGEUMXGK2JDXESZ5A2W5SJVJVTF7BW5CWBSUG422Q,0
2.4617462625416233,6,702.7608564123458,EUKRBWJBKMYRCRQOHFGEUMXGK2JDXESZ5A2W5SJVJVTF7BW5CWBSUG422Q,0
2.1777661316358183,6,700.1903321996344,weather_api_1,2
2.311987450527928,9,723.8111347897741,weather_api_1,2
1.7498043810806496,2,729.0808248736064,EUKRBWJBKMYRCRQOHFGEUMXGK2JDXESZ5A2W5SJVJVTF7BW5CWBSUG422Q,0
3.1783007918467305,3,668.1245785071204,weather_api_1,2
2.251688472790091,9,872.7257680765517,traffic_api_2,1
2.2437579178419575,3,579.662324495638,traffic_api_2,1
2.490306649559477,8,633.4835869836124,weather_api_1,2
2.3924036926946854,5,1053.5956349068267,weather_api_1,2
2.289553609711653,4,595.4410374012924,weather_api_1,2
1.8838102178218754,9,557.549439034829,traffic_api_2,1
2.3885873428543984,2,808.1372094001462,weather_api_1,2
2.952809798590014,5,470.7456175471351,EUKRBWJBKMYRCRQOHFGEUMXGK2JDXESZ5A2W5SJVJVTF7BW5CWBSUG422Q,0
2.7381680184619914,10,691.7671308033073,weather_api_1,2
2.837274650655759,5,977.4989910091786,EUKRBWJBKMYRCRQOHFGEUMXGK2JDXESZ5A2W5SJVJVTF7BW5CWBSUG422Q,0
1.995513729427526,4,534.6076893415919,weather_api_1,2
1.8041580718965677,7,482.1642617113544,weather_api_1,2
2.1496852319601407,3,540.0982557650761,traffic_api_2,1
2.222289964915478,6,827.8031482016382,EUKRBWJBKMYRCRQOHFGEUMXGK2JDXESZ5A2W5SJVJVTF7BW5CWBSUG422Q,0
2.6376766073883795,3,854.9732063982975,EUKRBWJBKMYRCRQOHFGEUMXGK2JDXESZ5A2W5SJVJVTF7BW5CWBSUG422Q,0
1.5230141481140724,3,658.489344362579,EUKRBWJBKMYRCRQOHFGEUMXGK2JDXESZ5A2W5SJVJVTF7BW5CWBSUG422Q,0
2.811820127784246,4,801.9854884801283,traffic_api_2,1
2.1367968405684046,1,886.8306393014387,EUKRBWJBKMYRCRQOHFGEUMXGK2JDXESZ5A2W5SJVJVTF7BW5CWBSUG422Q,0
2.029247572021032,2,934.481569731579,traffic_api_2,1
1.795158249895933,4,690.4397662584182,weather_api_1,2
1.5380573312536923,5,443.82339387960155,weather_api_1,2
2.529268233584766,8,621.4945293108376,EUKRBWJBKMYRCRQOHFGEUMXGK2JDXESZ5A2W5SJVJVTF7BW5CWBSUG422Q,0
2.229327186875362,7,668.783496607769,weather_api_1,2
1.6840156401035786,7,688.9273444105932,weather_api_1,2
1.6819684911745538,2,697.4568718789536,EUKRBWJBKMYRCRQOHFGEUMXGK2JDXESZ5A2W5SJVJVTF7BW5CWBSUG422Q,0
2.065686120283949,6,854.2673517516803,weather_api_1,2
2.8676086101157576,8,872.9314112025097,EUKRBWJBKMYRCRQOHFGEUMXGK2JDXESZ5A2W5SJVJVTF7BW5CWBSUG422Q,0
2.096163459454558,6,699.399161529026,EUKRBWJBKMYRCRQOHFGEUMXGK2JDXESZ5A2W5SJVJVTF7BW5CWBSUG422Q,0
1.5987428187527577,4,851.8181851262182,weather_api_1,2
2.1017027743656223,4,762.9193639957307,weather_api_1,2
2.090910572100932,4,727.7407167435086,weather_api_1,2
1.5,1,828.7852988531956,weather_api_1,2
2.1782820533928753,6,728.6702457885499,weather_api_1,2
2.107626187916529,8,966.9373412517315,traffic_api_2,1
2.4784825459253677,7,547.3906599846529,weather_api_1,2
2.9395824379781383,7,658.1794921089579,traffic_api_2,1
2.650626011819103,6,704.817732365526,EUKRBWJBKMYRCRQOHFGEUMXGK2JDXESZ5A2W5SJVJVTF7BW5CWBSUG422Q,0
2.092444523778068,6,772.7343228549589,weather_api_1,2
1.7573896365033321,4,872.1552584523706,weather_api_1,2
3.2293439212999444,3,717.0721719316612,weather_api_1,2
2.2236873736057956,6,549.3324420592551,EUKRBWJBKMYRCRQOHFGEUMXGK2JDXESZ5A2W5SJVJVTF7BW5CWBSUG422Q,0
2.2055717167651787,3,821.1016675746005,traffic_api_2,1
2.190349965155999,10,810.5950519370357,traffic_api_2,1
2.279233904307142,5,486.9769608744713,weather_api_1,2
2.142255835230423,6,719.543503959504,weather_api_1,2
1.9705351972479057,6,529.1829803183642,weather_api_1,2
1.9812564235038432,4,640.2418682997525,weather_api_1,2
2.186898691913601,6,611.662928764464,EUKRBWJBKMYRCRQOHFGEUMXGK2JDXESZ5A2W5SJVJVTF7BW5CWBSUG422Q,0
1.9826300915464943,5,817.1117637890383,weather_api_1,2
1.9148616869291344,3,734.0196209006621,EUKRBWJBKMYRCRQOHFGEUMXGK2JDXESZ5A2W5SJVJVTF7BW5CWBSUG422Q,0
2.242572091076759,2,565.7290799092767,weather_api_1,2
2.098009113031658,3,825.6079155548811,traffic_api_2,1
2.8015971954330756,2,547.9433011285903,traffic_api_2,1
1.5,8,759.6136548565132,weather_api_1,2
2.6366027407689847,7,622.3187196850133,weather_api_1,2
2.698434076999052,4,676.1187500963376,EUKRBWJBKMYRCRQOHFGEUMXGK2JDXESZ5A2W5SJVJVTF7BW5CWBSUG422Q,0
1.5,3,780.5124897646061,weather_api_1,2
2.0629249623678607,3,782.5739278871434,weather_api_1,2
2.0514236536016837,6,880.4362888267152,weather_api_1,2
1.6369953221128717,5,710.1295560394257,traffic_api_2,1
1.88887332496365,1,756.7741035556008,EUKRBWJBKMYRCRQOHFGEUMXGK2JDXESZ5A2W5SJVJVTF7BW5CWBSUG422Q,0
1.7557696618136687,8,667.4715213114811,traffic_api_2,1
2.900908177369449,9,741.8387859147357,EUKRBWJBKMYRCRQOHFGEUMXGK2JDXESZ5A2W5SJVJVTF7BW5CWBSUG422Q,0
2.5742713572589846,4,772.7383257610214,traffic_api_2,1
2.7086220379976638,7,708.2028183054749,weather_api_1,2
2.488668825617294,3,503.54994190890045,traffic_api_2,1
1.7483792915131084,7,759.7765075597074,traffic_api_2,1
1.9901918934880907,5,763.7473772826548,EUKRBWJBKMYRCRQOHFGEUMXGK2JDXESZ5A2W5SJVJVTF7BW5CWBSUG422Q,0
2.3957498244911672,6,638.3791828382459,EUKRBWJBKMYRCRQOHFGEUMXGK2JDXESZ5A2W5SJVJVTF7BW5CWBSUG422Q,0
1.711148876443222,8,565.8735556712983,traffic_api_2,1
2.4851993720689554,2,897.1054980604758,EUKRBWJBKMYRCRQOHFGEUMXGK2JDXESZ5A2W5SJVJVTF7BW5CWBSUG422Q,0
2.103869840736746,4,778.9734613073282,EUKRBWJBKMYRCRQOHFGEUMXGK2JDXESZ5A2W5SJVJVTF7BW5CWBSUG422Q,0
2.0500716769801612,9,692.5102762893948,EUKRBWJBKMYRCRQOHFGEUMXGK2JDXESZ5A2W5SJVJVTF7BW5CWBSUG422Q,0
2.484383987281397,4,583.5560540223015,EUKRBWJBKMYRCRQOHFGEUMXGK2JDXESZ5A2W5SJVJVTF7BW5CWBSUG422Q,0
2.377705324594416,4,621.3822205894385,EUKRBWJBKMYRCRQOHFGEUMXGK2JDXESZ5A2W5SJVJVTF7BW5CWBSUG422Q,0
2.055613533672368,3,876.3108476143477,traffic_api_2,1
2.6637319213456996,4,736.5194329041656,EUKRBWJBKMYRCRQOHFGEUMXGK2JDXESZ5A2W5SJVJVTF7BW5CWBSUG422Q,0
1.7675746689600413,4,653.9295519599152,weather_api_1,2
2.4463742427777055,6,781.1627077469587,traffic_api_2,1
2.4372405031873536,7,622.2722175064412,traffic_api_2,1
2.076181424274404,3,900.1011636336455,traffic_api_2,1
2.3304532088968473,6,882.336064187607,EUKRBWJBKMYRCRQOHFGEUMXGK2JDXESZ5A2W5SJVJVTF7BW5CWBSUG422Q,0
1.699554569445879,8,664.0111114556668,weather_api_1,2
2.5696108076827606,7,644.5595703562967,EUKRBWJBKMYRCRQOHFGEUMXGK2JDXESZ5A2W5SJVJVTF7BW5CWBSUG422Q,0
2.1260391454228045,3,405.8240161569264,traffic_api_2,1
1.9909107917923843,4,542.2103074138358,traffic_api_2,1
2.619603690334756,6,559.2636270050692,traffic_api_2,1
1.9182625237828965,8,736.2228409184863,traffic_api_2,1
1.6366154814545761,3,680.8519554670369,EUKRBWJBKMYRCRQOHFGEUMXGK2JDXESZ5A2W5SJVJVTF7BW5CWBSUG422Q,0
1.5773483305904388,4,558.5597415101711,weather_api_1,2
2.442403980538256,3,686.2603149042532,weather_api_1,2
1.687828259001487,8,780.6404577176818,traffic_api_2,1
2.901917672793746,1,783.3407219898704,weather_api_1,2
1.5,3,492.03956629693425,traffic_api_2,1
2.8785825473160154,7,704.6083823419403,traffic_api_2,1
2.2844069868810477,5,553.9991067634068,weather_api_1,2
2.1613147552518432,9,828.2074436568329,traffic_api_2,1
1.9820323652764202,5,814.0975699624198,weather_api_1,2
2.3596544457408286,4,612.236732841065,traffic_api_2,1
2.184946119030061,5,628.074575711952,weather_api_1,2
2.641320752806609,7,664.6479539402031,traffic_api_2,1
2.245691059464816,3,449.6647926322393,weather_api_1,2
2.260120704584751,6,760.3161808128692,traffic_api_2,1
2.0545551151144577,7,687.2586544391843,traffic_api_2,1
2.177221750511573,4,836.4210099081431,traffic_api_2,1
2.3231207075568236,4,588.1908938444936,weather_api_1,2
1.5159326429373499,4,645.7052462100082,EUKRBWJBKMYRCRQOHFGEUMXGK2JDXESZ5A2W5SJVJVTF7BW5CWBSUG422Q,0
1.6607258311577149,3,539.2169690353062,traffic_api_2,1
2.4973056376090863,4,599.4851323806896,traffic_api_2,1
2.268346175251177,2,578.1621604718138,weather_api_1,2
2.1264066654589286,7,839.5168414615734,traffic_api_2,1
2.2073735732261572,6,636.2085781498329,traffic_api_2,1
2.3390326821446688,7,734.9010821693536,traffic_api_2,1
1.9840961278762554,5,674.3083915365835,traffic_api_2,1
1.888678109839075,4,567.6641680784625,EUKRBWJBKMYRCRQOHFGEUMXGK2JDXESZ5A2W5SJVJVTF7BW5CWBSUG422Q,0
2.278338102039073,5,699.8039492194029,EUKRBWJBKMYRCRQOHFGEUMXGK2JDXESZ5A2W5SJVJVTF7BW5CWBSUG422Q,0
1.8086508889539874,4,791.8923998236314,traffic_api_2,1
2.363301102285789,7,575.0688728947978,traffic_api_2,1
1.518966558304864,5,817.0935348877655,traffic_api_2,1
2.6116622549302577,6,618.0334894226764,EUKRBWJBKMYRCRQOHFGEUMXGK2JDXESZ5A2W5SJVJVTF7BW5CWBSUG422Q,0
2.3890389929652174,5,662.0419288712591,EUKRBWJBKMYRCRQOHFGEUMXGK2JDXESZ5A2W5SJVJVTF7BW5CWBSUG422Q,0
2.3024118937255507,2,783.6819747612058,weather_api_1,2
2.5930763935782055,4,640.3876611336615,weather_api_1,2
2.866189777785031,4,724.5089831203039,traffic_api_2,1
2.6057480260072525,6,682.2371005454289,traffic_api_2,1
1.5,11,735.5241608044582,EUKRBWJBKMYRCRQOHFGEUMXGK2JDXESZ5A2W5SJVJVTF7BW5CWBSUG422Q,0
1.6881692133057196,6,434.3113073371803,traffic_api_2,1
1.9500725689217286,8,500.4381821750301,traffic_api_2,1
2.2104364200843336,5,793.9160407256206,EUKRBWJBKMYRCRQOHFGEUMXGK2JDXESZ5A2W5SJVJVTF7BW5CWBSUG422Q,0
2.4070636081876495,3,844.4617686778861,EUKRBWJBKMYRCRQOHFGEUMXGK2JDXESZ5A2W5SJVJVTF7BW5CWBSUG422Q,0
1.909702474738614,5,610.7415955762175,EUKRBWJBKMYRCRQOHFGEUMXGK2JDXESZ5A2W5SJVJVTF7BW5CWBSUG422Q,0
2.2747067057908317,1,690.7165977394639,EUKRBWJBKMYRCRQOHFGEUMXGK2JDXESZ5A2W5SJVJVTF7BW5CWBSUG422Q,0
1.8978468270586712,8,755.3663103482762,weather_api_1,2
1.9553928788032209,6,803.1861121990445,EUKRBWJBKMYRCRQOHFGEUMXGK2JDXESZ5A2W5SJVJVTF7BW5CWBSUG422Q,0
1.6373355612607112,4,476.67872739949814,EUKRBWJBKMYRCRQOHFGEUMXGK2JDXESZ5A2W5SJVJVTF7BW5CWBSUG422Q,0
1.8307067015556384,7,613.6751703625947,traffic_api_2,1
1.6593261577534668,1,680.090474418015,traffic_api_2,1
1.809650698809067,7,804.3768236683259,traffic_api_2,1
2.621456718643136,3,1019.8116580465794,weather_api_1,2
1.8202404444672229,9,692.6393127828338,EUKRBWJBKMYRCRQOHFGEUMXGK2JDXESZ5A2W5SJVJVTF7BW5CWBSUG422Q,0
3.2529528259349565,4,551.1627045475213,EUKRBWJBKMYRCRQOHFGEUMXGK2JDXESZ5A2W5SJVJVTF7BW5CWBSUG422Q,0
2.397327160352356,2,768.2721692641558,weather_api_1,2
2.2739344494779496,4,878.5194947448852,EUKRBWJBKMYRCRQOHFGEUMXGK2JDXESZ5A2W5SJVJVTF7BW5CWBSUG422Q,0
1.8566568879275147,6,732.9616945175401,traffic_api_2,1
2.4801239517635967,2,611.2021745814849,weather_api_1,2
1.9697448695048907,1,834.9592729776023,EUKRBWJBKMYRCRQOHFGEUMXGK2JDXESZ5A2W5SJVJVTF7BW5CWBSUG422Q,0
2.248803925858145,7,799.6254742198122,weather_api_1,2
3.224033815307518,7,596.8702986965251,weather_api_1,2
2.1615760401101403,6,765.771074104121,EUKRBWJBKMYRCRQOHFGEUMXGK2JDXESZ5A2W5SJVJVTF7BW5CWBSUG422Q,0
2.6597093305142705,8,839.6718681190647,traffic_api_2,1
1.9187294299496451,7,861.8268051070672,EUKRBWJBKMYRCRQOHFGEUMXGK2JDXESZ5A2W5SJVJVTF7BW5CWBSUG422Q,0
2.1860046038012153,5,712.0261229628653,EUKRBWJBKMYRCRQOHFGEUMXGK2JDXESZ5A2W5SJVJVTF7BW5CWBSUG422Q,0
2.908320254254204,6,677.0304664584818,traffic_api_2,1
1.9492131768848933,6,867.2728586497515,EUKRBWJBKMYRCRQOHFGEUMXGK2JDXESZ5A2W5SJVJVTF7BW5CWBSUG422Q,0
2.9249794231987716,7,574.7807396422938,EUKRBWJBKMYRCRQOHFGEUMXGK2JDXESZ5A2W5SJVJVTF7BW5CWBSUG422Q,0
2.48310077418219,6,772.6295149105207,EUKRBWJBKMYRCRQOHFGEUMXGK2JDXESZ5A2W5SJVJVTF7BW5CWBSUG422Q,0
1.9750132896422932,3,555.5968047162685,weather_api_1,2
2.4529630956222084,3,847.8451526711524,weather_api_1,2
2.5890217798506923,1,689.0345381266607,weather_api_1,2
2.448723984886879,5,872.2299882776963,EUKRBWJBKMYRCRQOHFGEUMXGK2JDXESZ5A2W5SJVJVTF7BW5CWBSUG422Q,0
1.5719101120438177,3,778.9695307626632,traffic_api_2,1
1.9091451296700528,9,573.2135723925684,weather_api_1,2
2.1009925457793983,8,890.9553278492692,traffic_api_2,1
2.170226628359982,4,906.1494319713275,EUKRBWJBKMYRCRQOHFGEUMXGK2JDXESZ5A2W5SJVJVTF7BW5CWBSUG422Q,0
2.4482688390202716,2,825.8743791119059,weather_api_1,2
2.2710804003733016,3,628.6094561956536,EUKRBWJBKMYRCRQOHFGEUMXGK2JDXESZ5A2W5SJVJVTF7BW5CWBSUG422Q,0
1.6658622565159598,2,683.2783254771109,traffic_api_2,1
2.3520791404023855,4,737.4512660886911,weather_api_1,2
2.444234298113529,4,635.554752080228,weather_api_1,2
2.423916179172416,5,923.0815886955845,weather_api_1,2
2.632312290221849,8,737.3191766071244,weather_api_1,2
2.5335688618195618,6,395.5982343471171,traffic_api_2,1
2.3836720316913746,3,760.7226975307465,weather_api_1,2
2.1719337154165412,5,678.2211123819225,EUKRBWJBKMYRCRQOHFGEUMXGK2JDXESZ5A2W5SJVJVTF7BW5CWBSUG422Q,0
1.5356156265936036,6,711.0088132657862,weather_api_1,2
2.3718472876530345,3,675.765676105716,traffic_api_2,1
2.283075074865245,8,816.8455699928024,weather_api_1,2
2.3086315348781494,8,854.3625334264058,traffic_api_2,1
1.6893005696718764,5,753.9663794710384,traffic_api_2,1
1.7675773838366953,4,679.2826575434209,EUKRBWJBKMYRCRQOHFGEUMXGK2JDXESZ5A2W5SJVJVTF7BW5CWBSUG422Q,0
2.6212611413331617,2,715.0395354228996,weather_api_1,2
2.184177938457338,6,722.3519539893153,weather_api_1,2
2.47260027894905,5,623.7083952162195,weather_api_1,2
2.2113273504521844,6,789.4714378285482,EUKRBWJBKMYRCRQOHFGEUMXGK2JDXESZ5A2W5SJVJVTF7BW5CWBSUG422Q,0
2.2119024557982985,7,775.205078863256,EUKRBWJBKMYRCRQOHFGEUMXGK2JDXESZ5A2W5SJVJVTF7BW5CWBSUG422Q,0
2.5753135223903993,3,904.8529487732008,traffic_api_2,1
1.9935821087130505,9,870.641973634617,traffic_api_2,1
2.2384483107763935,2,637.7190098891843,traffic_api_2,1
2.015089884517983,0,818.4358049410757,EUKRBWJBKMYRCRQOHFGEUMXGK2JDXESZ5A2W5SJVJVTF7BW5CWBSUG422Q,0
2.0262015090270737,6,605.8855940286634,EUKRBWJBKMYRCRQOHFGEUMXGK2JDXESZ5A2W5SJVJVTF7BW5CWBSUG422Q,0
2.0763311506125444,4,803.5118521129019,EUKRBWJBKMYRCRQOHFGEUMXGK2JDXESZ5A2W5SJVJVTF7BW5CWBSUG422Q,0
2.288853508653485,6,658.0062961487871,traffic_api_2,1
2.0085005513346093,4,597.2096131949298,EUKRBWJBKMYRCRQOHFGEUMXGK2JDXESZ5A2W5SJVJVTF7BW5CWBSUG422Q,0
2.7023024502294084,5,753.6054411236885,traffic_api_2,1
1.8421570791121986,2,399.0519446215031,traffic_api_2,1
2.1252513423354564,5,509.88293107137264,weather_api_1,2
2.02410757669033,4,698.700973947086,weather_api_1,2
2.7787911537414933,3,729.8930119961811,weather_api_1,2
2.27862191060463,5,675.6817475810174,traffic_api_2,1
2.612737815787454,3,530.4676441538882,weather_api_1,2
1.6057758507852113,3,621.8529789433793,weather_api_1,2
2.3068201063477036,4,766.9451192684872,weather_api_1,2
2.555852318249375,8,789.8138124754036,EUKRBWJBKMYRCRQOHFGEUMXGK2JDXESZ5A2W5SJVJVTF7BW5CWBSUG422Q,0
2.23291359571017,5,718.0532258884871,traffic_api_2,1
2.6261921500261405,4,858.8200537244386,weather_api_1,2
1.9930846199598513,4,767.6876428151081,EUKRBWJBKMYRCRQOHFGEUMXGK2JDXESZ5A2W5SJVJVTF7BW5CWBSUG422Q,0
2.763738976074232,4,630.3053215250145,EUKRBWJBKMYRCRQOHFGEUMXGK2JDXESZ5A2W5SJVJVTF7BW5CWBSUG422Q,0
3.1195592494477005,4,686.3397535906059,EUKRBWJBKMYRCRQOHFGEUMXGK2JDXESZ5A2W5SJVJVTF7BW5CWBSUG422Q,0
2.0548645758241366,7,551.6560611350574,weather_api_1,2
2.0217989914396917,8,707.02332115303,EUKRBWJBKMYRCRQOHFGEUMXGK2JDXESZ5A2W5SJVJVTF7BW5CWBSUG422Q,0
2.7813537908470805,7,853.4520743065607,traffic_api_2,1
2.831828858292285,3,802.2348101653162,EUKRBWJBKMYRCRQOHFGEUMXGK2JDXESZ5A2W5SJVJVTF7BW5CWBSUG422Q,0
1.9908559891386928,6,888.2411191102947,EUKRBWJBKMYRCRQOHFGEUMXGK2JDXESZ5A2W5SJVJVTF7BW5CWBSUG422Q,0
2.031925273161657,6,683.6537707441208,EUKRBWJBKMYRCRQOHFGEUMXGK2JDXESZ5A2W5SJVJVTF7BW5CWBSUG422Q,0
2.0872861564557974,4,881.5319753417109,EUKRBWJBKMYRCRQOHFGEUMXGK2JDXESZ5A2W5SJVJVTF7BW5CWBSUG422Q,0
1.6622197955862892,6,696.8034928262437,traffic_api_2,1
1.832539221406321,9,896.5902099083872,weather_api_1,2
1.798343693299173,6,717.3771903069452,traffic_api_2,1
1.8928809739583488,4,804.8677648565132,traffic_api_2,1
2.1861260450452877,6,897.0134837171827,weather_api_1,2
2.2936858930146085,7,696.7886845702553,EUKRBWJBKMYRCRQOHFGEUMXGK2JDXESZ5A2W5SJVJVTF7BW5CWBSUG422Q,0
2.820200197125631,4,746.2066785053009,weather_api_1,2
1.8006583837044838,3,874.6636110247563,weather_api_1,2
2.5937289593906336,4,704.0396203283924,traffic_api_2,1
2.1144044623097966,5,561.4929260992607,weather_api_1,2
2.180214516139027,3,977.1608465501891,EUKRBWJBKMYRCRQOHFGEUMXGK2JDXESZ5A2W5SJVJVTF7BW5CWBSUG422Q,0
2.4699277968666418,5,663.6282642795436,traffic_api_2,1
1.7509111913750808,3,739.0507261125051,EUKRBWJBKMYRCRQOHFGEUMXGK2JDXESZ5A2W5SJVJVTF7BW5CWBSUG422Q,0
2.3529638984736203,5,858.7208003341352,traffic_api_2,1
2.2665808832852226,5,646.9807315522557,EUKRBWJBKMYRCRQOHFGEUMXGK2JDXESZ5A2W5SJVJVTF7BW5CWBSUG422Q,0
2.39698050560326,5,599.0558504133444,weather_api_1,2
2.3156674575631273,6,750.44847561298,weather_api_1,2
3.182120055964358,6,504.83083225051325,weather_api_1,2
1.9449040062994738,6,685.4512707758496,EUKRBWJBKMYRCRQOHFGEUMXGK2JDXESZ5A2W5SJVJVTF7BW5CWBSUG422Q,0
1.987601217999273,5,749.4046397178487,traffic_api_2,1
1.9507437894300943,7,687.6057723809803,traffic_api_2,1
1.9778091523358983,3,534.7858868177103,traffic_api_2,1
1.945045149077393,5,911.3013547444814,weather_api_1,2
2.675606612443021,7,732.4245784739011,EUKRBWJBKMYRCRQOHFGEUMXGK2JDXESZ5A2W5SJVJVTF7BW5CWBSUG422Q,0
2.7682016991959424,2,891.7382541314089,traffic_api_2,1
1.9717014825002097,8,688.7956499783467,EUKRBWJBKMYRCRQOHFGEUMXGK2JDXESZ5A2W5SJVJVTF7BW5CWBSUG422Q,0
1.8670577707583087,4,614.3985621971083,traffic_api_2,1
2.388566222554562,2,752.3017104306192,weather_api_1,2
1.9791107822876117,5,694.1055448406137,EUKRBWJBKMYRCRQOHFGEUMXGK2JDXESZ5A2W5SJVJVTF7BW5CWBSUG422Q,0
2.4531727271022046,5,578.6686250410371,traffic_api_2,1
2.28116920834052,4,896.3741110544995,traffic_api_2,1
1.5937023540011075,6,645.3275732527204,traffic_api_2,1
2.819002080532025,8,499.1680338245318,traffic_api_2,1
2.918351069238209,4,879.37992647488,weather_api_1,2
1.9548845238062458,3,659.4842381024852,traffic_api_2,1
2.0449193760256064,6,647.061132886125,traffic_api_2,1
2.3143461562899623,4,508.1534895564031,weather_api_1,2
2.3337827159948104,2,928.912978391639,traffic_api_2,1
2.4634177090691325,3,565.2623295348375,EUKRBWJBKMYRCRQOHFGEUMXGK2JDXESZ5A2W5SJVJVTF7BW5CWBSUG422Q,0
3.00408181550654,1,727.013937684678,EUKRBWJBKMYRCRQOHFGEUMXGK2JDXESZ5A2W5SJVJVTF7BW5CWBSUG422Q,0
2.1292211090023803,9,829.5144387048529,traffic_api_2,1
1.8806811021846186,5,770.6060319603716,weather_api_1,2
1.6482723087941893,3,712.841482560937,weather_api_1,2
1.9076279840232324,4,515.80009700551,weather_api_1,2
2.1867492108504814,3,622.8330197079259,traffic_api_2,1
2.917823145407115,4,742.5360405651027,traffic_api_2,1
1.9929554803855316,6,625.5391116015604,EUKRBWJBKMYRCRQOHFGEUMXGK2JDXESZ5A2W5SJVJVTF7BW5CWBSUG422Q,0
2.2895151806555596,4,744.4031351998522,weather_api_1,2
2.1934308415708994,2,801.809209057817,traffic_api_2,1
2.6753573093792338,6,835.5003462960121,traffic_api_2,1
3.210772970349449,3,572.858477062478,traffic_api_2,1
1.9876524908318718,6,983.5975265974745,weather_api_1,2
2.004224222992711,2,812.0975213464957,weather_api_1,2
2.617664350827629,8,719.7943015597124,EUKRBWJBKMYRCRQOHFGEUMXGK2JDXESZ5A2W5SJVJVTF7BW5CWBSUG422Q,0
2.472756595850525,3,850.7443899691968,weather_api_1,2
2.9386829302944135,6,1003.8489326399967,traffic_api_2,1
2.4335712741303857,4,547.3535878731757,EUKRBWJBKMYRCRQOHFGEUMXGK2JDXESZ5A2W5SJVJVTF7BW5CWBSUG422Q,0
2.056283163685176,5,692.9684829010375,weather_api_1,2
2.436261932276924,6,434.5882008152006,weather_api_1,2
2.6434814322331635,1,743.118183917763,weather_api_1,2
2.5281928724789458,5,763.847309031017,weather_api_1,2
2.4029096124429192,7,715.3005461468689,traffic_api_2,1
2.626669875835662,6,641.4559714802028,weather_api_1,2
2.667718236178269,6,474.05825805740096,traffic_api_2,1
2.752863596415011,7,764.8240420094122,traffic_api_2,1
2.459483955035857,4,894.652138069839,traffic_api_2,1
2.1331527678732582,3,649.0777853119881,EUKRBWJBKMYRCRQOHFGEUMXGK2JDXESZ5A2W5SJVJVTF7BW5CWBSUG422Q,0
2.2586854745733294,8,772.8071914827774,traffic_api_2,1
2.682603586603343,4,531.8226823895939,weather_api_1,2
1.8732257316051057,5,774.8655676431017,EUKRBWJBKMYRCRQOHFGEUMXGK2JDXESZ5A2W5SJVJVTF7BW5CWBSUG422Q,0
2.3474693235491606,5,672.7941242706412,weather_api_1,2
2.042664475069056,3,628.5098459276503,traffic_api_2,1
2.211497929173927,9,628.7563630540643,weather_api_1,2
2.71138074504292,8,672.7666101560388,EUKRBWJBKMYRCRQOHFGEUMXGK2JDXESZ5A2W5SJVJVTF7BW5CWBSUG422Q,0
2.2764396272079614,6,765.8919978831043,EUKRBWJBKMYRCRQOHFGEUMXGK2JDXESZ5A2W5SJVJVTF7BW5CWBSUG422Q,0
2.21857461926246,3,562.5404158565378,weather_api_1,2
1.6560575436080325,5,672.3461602118576,weather_api_1,2
2.4985014264108885,5,715.0233866401023,weather_api_1,2
2.45819367245643,5,588.1152930561768,EUKRBWJBKMYRCRQOHFGEUMXGK2JDXESZ5A2W5SJVJVTF7BW5CWBSUG422Q,0
3.065301889322184,3,935.5998242010021,traffic_api_2,1
2.0768887060187997,7,617.580542392639,weather_api_1,2
2.287660131065576,3,639.6675703639811,traffic_api_2,1
2.2997534734843024,0,602.6030460213002,EUKRBWJBKMYRCRQOHFGEUMXGK2JDXESZ5A2W5SJVJVTF7BW5CWBSUG422Q,0
2.83098131190539,6,935.8176104565741,weather_api_1,2
2.1618817870452194,6,786.3486274319378,weather_api_1,2
2.3116086103081357,4,607.608959250763,EUKRBWJBKMYRCRQOHFGEUMXGK2JDXESZ5A2W5SJVJVTF7BW5CWBSUG422Q,0
2.4431586038866158,5,852.7477870631963,weather_api_1,2
2.2746436492625435,9,744.0838433146654,traffic_api_2,1
2.0214265541797887,5,750.8704105333802,EUKRBWJBKMYRCRQOHFGEUMXGK2JDXESZ5A2W5SJVJVTF7BW5CWBSUG422Q,0
2.277635997159323,4,678.6627349497057,EUKRBWJBKMYRCRQOHFGEUMXGK2JDXESZ5A2W5SJVJVTF7BW5CWBSUG422Q,0
2.629452699943909,3,630.0700815651633,weather_api_1,2
1.789393880235576,6,760.5319318865521,EUKRBWJBKMYRCRQOHFGEUMXGK2JDXESZ5A2W5SJVJVTF7BW5CWBSUG422Q,0
2.2531878696587504,2,654.5895324005292,weather_api_1,2
1.9199516740243308,6,938.0106755490126,weather_api_1,2
2.6780186515699373,6,567.6850673708275,EUKRBWJBKMYRCRQOHFGEUMXGK2JDXESZ5A2W5SJVJVTF7BW5CWBSUG422Q,0
1.5907252380864902,6,904.3388127425934,weather_api_1,2
1.9764312610913648,5,706.641738144264,traffic_api_2,1
2.3508847500258083,3,755.8902880825327,traffic_api_2,1
2.8262096116937365,4,819.9789319955321,weather_api_1,2
2.173699895570805,4,644.3700845994676,traffic_api_2,1
1.9779201893227207,5,823.7098061638363,weather_api_1,2
2.952462827776236,4,395.0947373542587,traffic_api_2,1
1.6207944398335026,4,633.6012560133673,EUKRBWJBKMYRCRQOHFGEUMXGK2JDXESZ5A2W5SJVJVTF7BW5CWBSUG422Q,0
1.5,5,609.1124631190721,weather_api_1,2
2.376005780021333,5,569.5792785153886,weather_api_1,2
1.9991783102589558,5,694.2054194305258,weather_api_1,2
1.7915068731477148,7,766.2899961818034,weather_api_1,2
2.4833425789197414,3,804.3191998199167,weather_api_1,2
2.2975202855084795,2,748.905210864049,weather_api_1,2
1.9743685477053088,4,640.1167842127744,EUKRBWJBKMYRCRQOHFGEUMXGK2JDXESZ5A2W5SJVJVTF7BW5CWBSUG422Q,0
1.6878782405316424,4,764.2819725390201,EUKRBWJBKMYRCRQOHFGEUMXGK2JDXESZ5A2W5SJVJVTF7BW5CWBSUG422Q,0
2.548982931312058,6,734.9142833821021,traffic_api_2,1
2.4600804711834647,3,832.3267401523219,weather_api_1,2
2.160329654488247,5,813.232404351782,traffic_api_2,1
2.9386547984190665,5,723.6571696704755,traffic_api_2,1
1.7719660934695391,5,612.3296392606492,EUKRBWJBKMYRCRQOHFGEUMXGK2JDXESZ5A2W5SJVJVTF7BW5CWBSUG422Q,0
1.5897899316301047,5,641.6459813001503,traffic_api_2,1
1.9232367720475023,3,654.025276843436,EUKRBWJBKMYRCRQOHFGEUMXGK2JDXESZ5A2W5SJVJVTF7BW5CWBSUG422Q,0
2.181765593457801,10,682.1680399300493,traffic_api_2,1
2.2973357797290768,5,752.1660513107704,weather_api_1,2
2.103505576857468,4,805.820926815367,traffic_api_2,1
2.340822158605719,4,713.8657568381547,EUKRBWJBKMYRCRQOHFGEUMXGK2JDXESZ5A2W5SJVJVTF7BW5CWBSUG422Q,0
1.6993842303238225,7,721.9349745480567,EUKRBWJBKMYRCRQOHFGEUMXGK2JDXESZ5A2W5SJVJVTF7BW5CWBSUG422Q,0
2.777505841629304,3,737.1967566000004,EUKRBWJBKMYRCRQOHFGEUMXGK2JDXESZ5A2W5SJVJVTF7BW5CWBSUG422Q,0
2.1671395286429727,6,658.0913624241192,traffic_api_2,1
2.6469183326352512,2,608.9529290828452,traffic_api_2,1
2.3370901385510816,4,509.34745232271484,EUKRBWJBKMYRCRQOHFGEUMXGK2JDXESZ5A2W5SJVJVTF7BW5CWBSUG422Q,0
2.3827012876615137,4,636.5820770307753,weather_api_1,2
2.427906912092882,4,776.7774543921345,weather_api_1,2
2.379083424006926,8,635.6506274352519,traffic_api_2,1
2.457089103947018,5,691.4631555088872,traffic_api_2,1
2.7316610120529727,8,775.971754489478,EUKRBWJBKMYRCRQOHFGEUMXGK2JDXESZ5A2W5SJVJVTF7BW5CWBSUG422Q,0
2.2786084678805882,5,782.4827395707202,traffic_api_2,1
2.483601503035405,7,590.4560577400753,traffic_api_2,1
2.1641057222851097,8,839.647122774437,EUKRBWJBKMYRCRQOHFGEUMXGK2JDXESZ5A2W5SJVJVTF7BW5CWBSUG422Q,0
2.776046886179789,3,855.2820107226582,EUKRBWJBKMYRCRQOHFGEUMXGK2JDXESZ5A2W5SJVJVTF7BW5CWBSUG422Q,0
1.9294430791762922,4,584.4180171337728,traffic_api_2,1
2.9203761731643265,6,621.1395756430616,weather_api_1,2
2.1839368197422626,4,862.930881977543,traffic_api_2,1
1.627689959152781,4,702.3775774493639,weather_api_1,2
2.251241765964316,6,453.6266463057779,weather_api_1,2
1.9275793370100478,2,552.0382194320777,weather_api_1,2
2.53625741959549,4,690.0756449793023,EUKRBWJBKMYRCRQOHFGEUMXGK2JDXESZ5A2W5SJVJVTF7BW5CWBSUG422Q,0
1.9389504082790439,2,580.4348819658478,EUKRBWJBKMYRCRQOHFGEUMXGK2JDXESZ5A2W5SJVJVTF7BW5CWBSUG422Q,0
2.0215266267140883,8,670.389147523627,EUKRBWJBKMYRCRQOHFGEUMXGK2JDXESZ5A2W5SJVJVTF7BW5CWBSUG422Q,0
1.5,7,723.8875456420294,traffic_api_2,1
2.0190774723003697,2,895.4705524841675,EUKRBWJBKMYRCRQOHFGEUMXGK2JDXESZ5A2W5SJVJVTF7BW5CWBSUG422Q,0
1.5,5,685.1455300526653,EUKRBWJBKMYRCRQOHFGEUMXGK2JDXESZ5A2W5SJVJVTF7BW5CWBSUG422Q,0
1.5664388706057109,6,848.7050159487311,traffic_api_2,1
2.504165862457719,7,891.4512194444125,traffic_api_2,1
2.514320063460333,7,892.1171603222491,weather_api_1,2
2.370183024713986,7,754.1705512062682,traffic_api_2,1
1.813209542748315,6,484.4053022593231,traffic_api_2,1
2.1809154575432084,5,775.2989838484639,EUKRBWJBKMYRCRQOHFGEUMXGK2JDXESZ5A2W5SJVJVTF7BW5CWBSUG422Q,0
2.198558984363773,5,845.8079865376249,weather_api_1,2
1.7366541243229832,8,710.2719473477499,weather_api_1,2
2.8013593207068603,7,929.3500644090298,traffic_api_2,1
2.550944916230269,4,823.1800273760949,EUKRBWJBKMYRCRQOHFGEUMXGK2JDXESZ5A2W5SJVJVTF7BW5CWBSUG422Q,0
2.1116143304681345,5,788.1928052583341,EUKRBWJBKMYRCRQOHFGEUMXGK2JDXESZ5A2W5SJVJVTF7BW5CWBSUG422Q,0
2.2107543355978123,8,850.3656853447005,EUKRBWJBKMYRCRQOHFGEUMXGK2JDXESZ5A2W5SJVJVTF7BW5CWBSUG422Q,0
2.283353123179021,5,760.0043821513053,EUKRBWJBKMYRCRQOHFGEUMXGK2JDXESZ5A2W5SJVJVTF7BW5CWBSUG422Q,0
1.5,2,420.8627400725576,traffic_api_2,1
2.1011290469917614,3,660.1033258235561,EUKRBWJBKMYRCRQOHFGEUMXGK2JDXESZ5A2W5SJVJVTF7BW5CWBSUG422Q,0
1.9272063008008806,7,863.6601632697424,weather_api_1,2
1.7993519960420339,3,623.0890391882044,weather_api_1,2
2.087559882845618,8,693.1832993715673,traffic_api_2,1
2.919074610739809,1,594.6196423316314,EUKRBWJBKMYRCRQOHFGEUMXGK2JDXESZ5A2W5SJVJVTF7BW5CWBSUG422Q,0
2.4563371445068043,5,934.0707114242123,EUKRBWJBKMYRCRQOHFGEUMXGK2JDXESZ5A2W5SJVJVTF7BW5CWBSUG422Q,0
1.9715284040868815,3,921.7790948901618,EUKRBWJBKMYRCRQOHFGEUMXGK2JDXESZ5A2W5SJVJVTF7BW5CWBSUG422Q,0
2.429033112542464,5,613.9357325831124,EUKRBWJBKMYRCRQOHFGEUMXGK2JDXESZ5A2W5SJVJVTF7BW5CWBSUG422Q,0
16.81384448386884,47,10.860924577289124,weather_api_1,2
12.406085773175505,42,25.02325057733364,traffic_api_2,1
8.226570542914816,38,14.704128522639545,weather_api_1,2
9.206364304302031,40,32.55325763823092,EUKRBWJBKMYRCRQOHFGEUMXGK2JDXESZ5A2W5SJVJVTF7BW5CWBSUG422Q,0
13.954633753879094,41,12.730883286902317,weather_api_1,2
16.27957228551635,48,30.995952622032995,EUKRBWJBKMYRCRQOHFGEUMXGK2JDXESZ5A2W5SJVJVTF7BW5CWBSUG422Q,0
12.01682391895135,53,10.285332377263186,weather_api_1,2
16.345861510131805,35,40.587507859661315,weather_api_1,2
16.383627073183472,47,45.48232338204402,EUKRBWJBKMYRCRQOHFGEUMXGK2JDXESZ5A2W5SJVJVTF7BW5CWBSUG422Q,0
16.44723088793397,45,7.513259820746093,traffic_api_2,1
13.9102622482461,35,28.60034231020301,traffic_api_2,1
18.97863380145805,33,5.181430338637542,traffic_api_2,1
13.870358215767387,35,36.29276428697814,weather_api_1,2
13.403182321959658,44,16.599853577849075,weather_api_1,2
10.392569828127524,41,32.12984295348376,traffic_api_2,1
11.691861048276039,46,31.530199553673178,weather_api_1,2
8.50801391021964,43,55.536906425434225,weather_api_1,2
15.602423523394043,42,33.39591013155465,traffic_api_2,1
10.982428927125115,45,35.39691030338062,EUKRBWJBKMYRCRQOHFGEUMXGK2JDXESZ5A2W5SJVJVTF7BW5CWBSUG422Q,0
11.64986305382558,37,24.697534420098435,weather_api_1,2
17.249774259971854,44,56.99569658778619,weather_api_1,2
11.926654197937447,39,46.85396865693697,weather_api_1,2
10.906350704157706,38,17.83891212786765,weather_api_1,2
10.028692989604469,36,50.80836556079769,EUKRBWJBKMYRCRQOHFGEUMXGK2JDXESZ5A2W5SJVJVTF7BW5CWBSUG422Q,0
17.29830082618347,43,26.51138525092031,traffic_api_2,1
9.556475095880323,47,49.891361468482046,weather_api_1,2
13.445045123004242,43,49.55039602931662,traffic_api_2,1
14.083161392926332,31,12.143341019008409,weather_api_1,2
16.248678952228573,49,42.36732675163104,EUKRBWJBKMYRCRQOHFGEUMXGK2JDXESZ5A2W5SJVJVTF7BW5CWBSUG422Q,0
15.599401787995946,29,18.147935189085334,traffic_api_2,1
17.728648075342097,47,18.552067529567424,EUKRBWJBKMYRCRQOHFGEUMXGK2JDXESZ5A2W5SJVJVTF7BW5CWBSUG422Q,0
8.537017207114857,48,18.484536535954263,weather_api_1,2
11.557288697352767,40,43.80852660603694,EUKRBWJBKMYRCRQOHFGEUMXGK2JDXESZ5A2W5SJVJVTF7BW5CWBSUG422Q,0
11.361609425304557,38,14.559736465759629,EUKRBWJBKMYRCRQOHFGEUMXGK2JDXESZ5A2W5SJVJVTF7BW5CWBSUG422Q,0
9.752202867105298,36,1.0534442795193233,weather_api_1,2
11.470139046277318,41,43.19897435547535,weather_api_1,2
11.717183769714842,46,11.099899886272391,traffic_api_2,1
14.262613543129739,46,7.164461323162245,weather_api_1,2
15.964453747115073,29,15.013451115049548,traffic_api_2,1
12.57320616334177,44,23.414130817039535,EUKRBWJBKMYRCRQOHFGEUMXGK2JDXESZ5A2W5SJVJVTF7BW5CWBSUG422Q,0
16.633642775760574,49,29.078473320918842,EUKRBWJBKMYRCRQOHFGEUMXGK2JDXESZ5A2W5SJVJVTF7BW5CWBSUG422Q,0
12.03398406295496,41,3.6296324020452184,traffic_api_2,1
11.483404127777124,41,58.26382662501427,weather_api_1,2
14.494256670284292,50,43.24772015175393,weather_api_1,2
8.284596323669486,39,20.06844985413583,EUKRBWJBKMYRCRQOHFGEUMXGK2JDXESZ5A2W5SJVJVTF7BW5CWBSUG422Q,0
8.957469483608005,35,19.80313817983844,traffic_api_2,1
13.015634523038324,38,27.464010412739103,EUKRBWJBKMYRCRQOHFGEUMXGK2JDXESZ5A2W5SJVJVTF7BW5CWBSUG422Q,0
19.314952536701078,40,37.948444543018944,EUKRBWJBKMYRCRQOHFGEUMXGK2JDXESZ5A2W5SJVJVTF7BW5CWBSUG422Q,0
16.658141358121085,44,9.636010928749098,weather_api_1,2
9.057518834006693,41,12.146859012132188,traffic_api_2,1
